ticker,rating,rating_risco,rating_reason,latest_period_indicadores,latest_period_balancos,latest_period_resultados,receita_latest_period,divida_bruta,divida_liquida,endividamento_geral,liquidez_corrente,margem_ebit,margem_liquida,p_l,p_vp,psr,roa,roe,roic,ativo_total,caixa_e_eq_de_caixa,emprest_de_longo_prazo,emprestimos_e_financ,passivo_circulante,passivo_nao_circulante,passivo_total,patrimonio_liquido,ebit_ttm,lucro_bruto_ttm,lucro_liquido_ttm,receita_liquida_ttm,resultado_financeiro_ttm,resultado_operacional_ttm,passivo_ativo,divida_liquida_pl,liquidez_ajustada,receita_liquida_latest_quarter,receita_liquida_same_quarter_previous_year,receita_liquida_growth_yoy
ABCB4,blue_chip_proxy_baixo_risco,baixo,"porte no quartil superior, lucro positivo, ROE >= 5% e margem líquida >= 5%",1T2026 (TTM),1T2026,1T2026,1T2026,,,,1.02,,0.122,6.13,0.86,0.75,0.01,0.1408,,67080000000.0,,,,36010000000.0,,67080000000.0,7150000000.0,,1712650000.0,1006640000.0,8250000000.0,-2523000.0,-150650000.0,1.0,,1.02,1910000000.0,2130000000.0,-0.10328638497652587
ABEV3,blue_chip_proxy_baixo_risco,baixo,"porte no quartil superior, lucro positivo, ROE >= 5% e margem líquida >= 5%",1T2026 (TTM),1T2026,1T2026,1T2026,3105000000.0,-16535000000.0,0.5718,1.03,0.2687,0.1822,16.0,2.77,2.83,0.11,0.17690000000000003,0.23199999999999998,142760000000.0,17990000000.0,2000000000.0,1100000000.0,41660000000.0,10270000000.0,142760000000.0,90820000000.0,23700000000.0,45410000000.0,16070000000.0,88210000000.0,-4213990000.0,,1.0,-0.18206342215371063,1.03,22460000000.0,22500000000.0,-0.001777777777777767
ALUP11,blue_chip_proxy_baixo_risco,baixo,"porte no quartil superior, lucro positivo, ROE >= 5% e margem líquida >= 5%",1T2026 (TTM),1T2026,1T2026,1T2026,14571000000.0,9325000000.0,1.6766999999999999,3.3,0.6725,0.358,28.21,3.39,7.1,0.05,0.1236,0.1034,34340000000.000004,792530000.0,13070000000.0,1500000000.0,2520000000.0,18990000000.0,34340000000.000004,12830000000.0,2979230000.0,2966090000.0,1585740000.0,4433350000.0,-899210000.0,,1.0,0.7268121590023383,3.3,1260000000.0,1220000000.0,0.032786885245901676
ALUP3,blue_chip_proxy_baixo_risco,baixo,"porte no quartil superior, lucro positivo, ROE >= 5% e margem líquida >= 5%",1T2026 (TTM),1T2026,1T2026,1T2026,14571000000.0,9325000000.0,1.6766999999999999,3.3,0.6725,0.358,10.11,1.21,2.54,0.05,0.1236,0.1034,34340000000.000004,792530000.0,13070000000.0,1500000000.0,2520000000.0,18990000000.0,34340000000.000004,12830000000.0,2979230000.0,2966090000.0,1585740000.0,4433350000.0,-899210000.0,,1.0,0.7268121590023383,3.3,1260000000.0,1220000000.0,0.032786885245901676
ALUP4,blue_chip_proxy_baixo_risco,baixo,"porte no quartil superior, lucro positivo, ROE >= 5% e margem líquida >= 5%",1T2026 (TTM),1T2026,1T2026,1T2026,14571000000.0,9325000000.0,1.6766999999999999,3.3,0.6725,0.358,9.04,1.09,2.27,0.05,0.1236,0.1034,34340000000.000004,792530000.0,13070000000.0,1500000000.0,2520000000.0,18990000000.0,34340000000.000004,12830000000.0,2979230000.0,2966090000.0,1585740000.0,4433350000.0,-899210000.0,,1.0,0.7268121590023383,3.3,1260000000.0,1220000000.0,0.032786885245901676
AXIA3,blue_chip_proxy_baixo_risco,baixo,"porte no quartil superior, lucro positivo, ROE >= 5% e margem líquida >= 5%",1T2026 (TTM),1T2026,1T2026,1T2026,73523000000.0,45846000000.0,1.3096,2.11,0.1592,0.219,16.59,1.31,3.63,0.03,0.0787,0.027700000000000002,279910000000.0,12540000000.0,62380000000.0,11140000000.0,26220000000.0,132500000000.0,279910000000.0,121200000000.0,6937330000.0,20470000000.0,9540000000.0,43580000000.0,-10560000000.0,,1.0,0.37826732673267327,2.11,12710000000.0,10410000000.0,0.22094140249759842
AXIA5,blue_chip_proxy_baixo_risco,baixo,"porte no quartil superior, lucro positivo, ROE >= 5% e margem líquida >= 5%",1T2026 (TTM),1T2026,1T2026,1T2026,73523000000.0,45846000000.0,1.3096,2.11,0.1592,0.219,19.75,1.56,4.32,0.03,0.0787,0.027700000000000002,279910000000.0,12540000000.0,62380000000.0,11140000000.0,26220000000.0,132500000000.0,279910000000.0,121200000000.0,6937330000.0,20470000000.0,9540000000.0,43580000000.0,-10560000000.0,,1.0,0.37826732673267327,2.11,12710000000.0,10410000000.0,0.22094140249759842
AXIA6,blue_chip_proxy_baixo_risco,baixo,"porte no quartil superior, lucro positivo, ROE >= 5% e margem líquida >= 5%",1T2026 (TTM),1T2026,1T2026,1T2026,73523000000.0,45846000000.0,1.3096,2.11,0.1592,0.219,18.27,1.44,4.0,0.03,0.0787,0.027700000000000002,279910000000.0,12540000000.0,62380000000.0,11140000000.0,26220000000.0,132500000000.0,279910000000.0,121200000000.0,6937330000.0,20470000000.0,9540000000.0,43580000000.0,-10560000000.0,,1.0,0.37826732673267327,2.11,12710000000.0,10410000000.0,0.22094140249759842
AXIA7,blue_chip_proxy_baixo_risco,baixo,"porte no quartil superior, lucro positivo, ROE >= 5% e margem líquida >= 5%",1T2026 (TTM),1T2026,1T2026,1T2026,73523000000.0,45846000000.0,1.3096,2.11,0.1592,0.219,16.01,1.26,3.51,0.03,0.0787,0.027700000000000002,279910000000.0,12540000000.0,62380000000.0,11140000000.0,26220000000.0,132500000000.0,279910000000.0,121200000000.0,6937330000.0,20470000000.0,9540000000.0,43580000000.0,-10560000000.0,,1.0,0.37826732673267327,2.11,12710000000.0,10410000000.0,0.22094140249759842
BAZA3,blue_chip_proxy_baixo_risco,baixo,"porte no quartil superior, lucro positivo, ROE >= 5% e margem líquida >= 5%",4T2025 (TTM),1T2026,4T2025,4T2025,,,,0.57,,0.17260000000000003,4.22,0.65,0.73,0.02,0.1544,,64640000000.0,,,,12530000000.0,,63320000000.0,7160000000.0,,174580000.0,1105420000.0,6410000000.0,-61382000.0,574770000.0,0.9795792079207921,,0.57,1690000000.0,4910000000.0,-0.6558044806517311
BBDC3,blue_chip_proxy_baixo_risco,baixo,"porte no quartil superior, lucro positivo, ROE >= 5% e margem líquida >= 5%",4T2025 (TTM),1T2026,1T2026,1T2026,,,,0.86,,0.1128,7.1,1.01,0.8,0.01,0.14250000000000002,,1950000000000.0,,,,762790000000.0,,1950000000000.0,173550000000.0,,35590000000.0,23780000000.0,233840000000.0,-158810000.0,-13048670000.0,1.0,,0.86,62550000000.0,46330000000.0,0.3500971292898769
BBDC4,blue_chip_proxy_baixo_risco,baixo,"porte no quartil superior, lucro positivo, ROE >= 5% e margem líquida >= 5%",4T2025 (TTM),1T2026,1T2026,1T2026,,,,0.86,,0.1128,8.15,1.16,0.92,0.01,0.14250000000000002,,1950000000000.0,,,,762790000000.0,,1950000000000.0,173550000000.0,,35590000000.0,23780000000.0,233840000000.0,-158810000.0,-13048670000.0,1.0,,0.86,62550000000.0,46330000000.0,0.3500971292898769
BEES3,blue_chip_proxy_baixo_risco,baixo,"porte no quartil superior, lucro positivo, ROE >= 5% e margem líquida >= 5%",4T2025 (TTM),1T2026,1T2026,1T2026,,,,0.74,,0.06230000000000001,8.86,1.24,0.55,0.01,0.1403,,39930000000.0,253420000.0,,,25860000000.0,,39930000000.0,2460000000.0,,1612330000.0,326120000.0,5650000000.0,-1922000.0,316930000.0,1.0,,0.74,1420000000.0,1220000000.0,0.16393442622950816
BEES4,blue_chip_proxy_baixo_risco,baixo,"porte no quartil superior, lucro positivo, ROE >= 5% e margem líquida >= 5%",4T2025 (TTM),1T2026,1T2026,1T2026,,,,0.74,,0.06230000000000001,9.06,1.27,0.56,0.01,0.1403,,39930000000.0,253420000.0,,,25860000000.0,,39930000000.0,2460000000.0,,1612330000.0,326120000.0,5650000000.0,-1922000.0,316930000.0,1.0,,0.74,1420000000.0,1220000000.0,0.16393442622950816
BMEB3,blue_chip_proxy_baixo_risco,baixo,"porte no quartil superior, lucro positivo, ROE >= 5% e margem líquida >= 5%",1T2026 (TTM),1T2026,1T2026,1T2026,,,,1.2,,0.0895,8.21,2.15,0.72,0.02,0.2658,,37350000000.0,,,,4580000000.0,,37350000000.0,3020000000.0,,4270000000.0,803740000.0,8980000000.0,11250000.0,123380000.0,1.0,,1.2,2460000000.0,1740000000.0,0.4137931034482758
BMEB4,blue_chip_proxy_baixo_risco,baixo,"porte no quartil superior, lucro positivo, ROE >= 5% e margem líquida >= 5%",1T2026 (TTM),1T2026,1T2026,1T2026,,,,1.2,,0.08779999999999999,10.53,2.77,0.92,0.02,0.2633,,37970000000.0,,,,4580000000.0,,37970000000.0,2980000000.0,,4031010000.0,785870000.0,8960000000.0,11250000.0,123380000.0,1.0,,1.2,2480000000.0,1750000000.0,0.41714285714285704
BMGB4,blue_chip_proxy_baixo_risco,baixo,"porte no quartil superior, lucro positivo, ROE >= 5% e margem líquida >= 5%",1T2026 (TTM),1T2026,1T2026,1T2026,,,,0.83,,0.0671,5.63,0.79,0.38,0.01,0.1398,,51390000000.0,,,,25000000000.0,,51390000000.0,4240000000.0,,2080760000.0,592890000.0,8840000000.0,-17080000.0,302450000.0,1.0,,0.83,2150000000.0,2190000000.0,-0.0182648401826484
BNBR3,blue_chip_proxy_baixo_risco,baixo,"porte no quartil superior, lucro positivo, ROE >= 5% e margem líquida >= 5%",4T2025 (TTM),1T2026,4T2025,4T2025,,,,0.75,,0.30510000000000004,3.82,0.73,1.17,0.04,0.19190000000000002,,75640000000.0,,,,20340000000.0,,73290000000.0,16070000000.0,,4755860000.0,3079050000.0,10120000000.0,31270000.0,1753200000.0,0.9689317821258593,,0.75,2680000000.0,8300000000.000001,-0.6771084337349398
BPAC11,blue_chip_proxy_baixo_risco,baixo,"porte no quartil superior, lucro positivo, ROE >= 5% e margem líquida >= 5%",4T2025 (TTM),1T2026,1T2026,1T2026,,,,0.98,,0.5921000000000001,41.04,8.18,23.34,0.02,0.20750000000000002,,849180000000.0,,,,615780000000.0,,849180000000.0,83820000000.0,,31090000000.0,18340000000.0,32570000000.0,-1010000.0,17220000000.0,1.0,,0.98,8070000000.0,5130000000.0,0.5730994152046784
BPAC3,blue_chip_proxy_baixo_risco,baixo,"porte no quartil superior, lucro positivo, ROE >= 5% e margem líquida >= 5%",4T2025 (TTM),1T2026,1T2026,1T2026,,,,0.98,,0.5921000000000001,24.73,4.93,14.06,0.02,0.20750000000000002,,849180000000.0,,,,615780000000.0,,849180000000.0,83820000000.0,,31090000000.0,18340000000.0,32570000000.0,-1010000.0,17220000000.0,1.0,,0.98,8070000000.0,5130000000.0,0.5730994152046784
BPAC5,blue_chip_proxy_baixo_risco,baixo,"porte no quartil superior, lucro positivo, ROE >= 5% e margem líquida >= 5%",4T2025 (TTM),1T2026,1T2026,1T2026,,,,0.98,,0.5921000000000001,8.23,1.64,4.68,0.02,0.20750000000000002,,849180000000.0,,,,615780000000.0,,849180000000.0,83820000000.0,,31090000000.0,18340000000.0,32570000000.0,-1010000.0,17220000000.0,1.0,,0.98,8070000000.0,5130000000.0,0.5730994152046784
BRSR3,blue_chip_proxy_baixo_risco,baixo,"porte no quartil superior, lucro positivo, ROE >= 5% e margem líquida >= 5%",4T2025 (TTM),1T2026,1T2026,1T2026,,,,1.07,,0.07400000000000001,4.79,0.69,0.35,0.01,0.1436,,164200000000.0,,,,78380000000.0,,163970000000.0,11660000000.0,,6300000000.0,1632800000.0,22790000000.0,0.0,1051320000.0,0.9985992691839221,,1.07,5910000000.0,4770000000.0,0.23899371069182385
BRSR5,blue_chip_proxy_baixo_risco,baixo,"porte no quartil superior, lucro positivo, ROE >= 5% e margem líquida >= 5%",4T2025 (TTM),1T2026,1T2026,1T2026,,,,1.07,,0.07400000000000001,4.93,0.71,0.36,0.01,0.1436,,164200000000.0,,,,78380000000.0,,163970000000.0,11660000000.0,,6300000000.0,1632800000.0,22790000000.0,0.0,1051320000.0,0.9985992691839221,,1.07,5910000000.0,4770000000.0,0.23899371069182385
BRSR6,blue_chip_proxy_baixo_risco,baixo,"porte no quartil superior, lucro positivo, ROE >= 5% e margem líquida >= 5%",4T2025 (TTM),1T2026,1T2026,1T2026,,,,1.07,,0.07400000000000001,4.38,0.63,0.32,0.01,0.1436,,164200000000.0,,,,78380000000.0,,163970000000.0,11660000000.0,,6300000000.0,1632800000.0,22790000000.0,0.0,1051320000.0,0.9985992691839221,,1.07,5910000000.0,4770000000.0,0.23899371069182385
BSLI3,blue_chip_proxy_baixo_risco,baixo,"porte no quartil superior, lucro positivo, ROE >= 5% e margem líquida >= 5%",2T2025 (TTM),2T2025,2T2025,2T2025,,,,0.63,,0.0536,2.36,0.47,0.13,0.01,0.1988,,74510000000.0,,,,10300000000.0,,74510000000.0,3980000000.0,,6775250000.0,894490000.0,17420000000.0,-6612000.0,590890000.0,1.0,,0.63,3210000000.0,2310000000.0,0.3896103896103895
BSLI4,blue_chip_proxy_baixo_risco,baixo,"porte no quartil superior, lucro positivo, ROE >= 5% e margem líquida >= 5%",2T2025 (TTM),2T2025,2T2025,2T2025,,,,0.63,,0.0536,2.35,0.47,0.13,0.01,0.1988,,74510000000.0,,,,10300000000.0,,74510000000.0,3980000000.0,,6775250000.0,894490000.0,17420000000.0,-6612000.0,590890000.0,1.0,,0.63,3210000000.0,2310000000.0,0.3896103896103895
CLSC3,blue_chip_proxy_baixo_risco,baixo,"porte no quartil superior, lucro positivo, ROE >= 5% e margem líquida >= 5%",4T2025 (TTM),1T2026,1T2026,1T2026,5005000000.0,4586000000.0,2.4852000000000003,1.3,0.11880000000000002,0.0613,6.87,1.26,0.42,0.05,0.1838,0.1139,14470000000.0,286620000.0,3990000000.0,1070000000.0000001,3940000000.0,6390000000.0,14470000000.0,4139999999.9999995,1386690000.0,1967870000.0,727480000.0,12420000000.0,-473930000.0,,1.0,1.107729468599034,1.3,3500000000.0,2980000000.0,0.17449664429530198
CLSC4,blue_chip_proxy_baixo_risco,baixo,"porte no quartil superior, lucro positivo, ROE >= 5% e margem líquida >= 5%",4T2025 (TTM),1T2026,1T2026,1T2026,5005000000.0,4586000000.0,2.4852000000000003,1.3,0.11880000000000002,0.0613,7.57,1.39,0.46,0.05,0.1838,0.1139,14470000000.0,286620000.0,3990000000.0,1070000000.0000001,3940000000.0,6390000000.0,14470000000.0,4139999999.9999995,1386690000.0,1967870000.0,727480000.0,12420000000.0,-473930000.0,,1.0,1.107729468599034,1.3,3500000000.0,2980000000.0,0.17449664429530198
CMIG3,blue_chip_proxy_baixo_risco,baixo,"porte no quartil superior, lucro positivo, ROE >= 5% e margem líquida >= 5%",1T2026 (TTM),1T2026,1T2026,1T2026,19610000000.0,17817000000.0,1.3595,0.93,0.1539,0.1116,9.61,1.61,1.07,0.07,0.1675,0.10560000000000001,68170000000.0,1380000000.0,16530000000.000002,3080000000.0,15480000000.0,23800000000.0,68170000000.0,28890000000.0,6670000000.0,7110000000.0,4845720000.0,43370000000.0,-1167870000.0,,1.0,0.6167185877466251,0.93,10460000000.0,9840000000.0,0.0630081300813008
CMIG4,blue_chip_proxy_baixo_risco,baixo,"porte no quartil superior, lucro positivo, ROE >= 5% e margem líquida >= 5%",1T2026 (TTM),1T2026,1T2026,1T2026,19610000000.0,17817000000.0,1.3595,0.93,0.1539,0.1116,6.8,1.14,0.76,0.07,0.1675,0.10560000000000001,68170000000.0,1380000000.0,16530000000.000002,3080000000.0,15480000000.0,23800000000.0,68170000000.0,28890000000.0,6670000000.0,7110000000.0,4845720000.0,43370000000.0,-1167870000.0,,1.0,0.6167185877466251,0.93,10460000000.0,9840000000.0,0.0630081300813008
CPFE3,blue_chip_proxy_baixo_risco,baixo,"porte no quartil superior, lucro positivo, ROE >= 5% e margem líquida >= 5%",1T2026 (TTM),1T2026,1T2026,1T2026,31714000000.0,25962000000.0,2.3087,1.15,0.245,0.134,8.94,2.12,1.14,0.07,0.2378,0.1486,83990000000.0,2130000000.0,25840000000.0,5880000000.0,17180000000.0,41420000000.0,83990000000.0,25390000000.0,11030000000.0,14100000000.0,6040000000.0,45050000000.0,-2823930000.0,,1.0,1.022528554549035,1.15,11340000000.0,10660000000.0,0.06378986866791747
CPLE3,blue_chip_proxy_baixo_risco,baixo,"porte no quartil superior, lucro positivo, ROE >= 5% e margem líquida >= 5%",1T2026 (TTM),1T2026,1T2026,1T2026,23315000000.0,18139000000.0,1.6444,1.37,0.1894,0.09960000000000001,16.31,1.86,1.62,0.04,0.1142,0.0945,62930000000.0,5180000000.0,21170000000.0,2140000000.0000002,9550000000.0,29580000000.0,62930000000.0,23800000000.0,5162170000.0,5970000000.0,2720670000.0,27300000000.0,-1841380000.0,,1.0,0.7621428571428571,1.37,7070000000.0,5890000000.0,0.20033955857385388
EGIE3,blue_chip_proxy_baixo_risco,baixo,"porte no quartil superior, lucro positivo, ROE >= 5% e margem líquida >= 5%",1T2026 (TTM),1T2026,1T2026,1T2026,31181000000.0,24716000000.0,2.9663,1.54,0.48369999999999996,0.21300000000000002,14.39,2.72,2.79,0.05,0.1908,0.125,58700000000.0,6470000000.0,27900000000.0,3290000000.0,6500000000.0,37400000000.0,58700000000.0,14800000000.0,6420000000.0,6200000000.0,2823640000.0,13260000000.0,-2845680000.0,,1.0,1.67,1.54,3410000000.0,3010000000.0,0.13289036544850497
ENEV3,blue_chip_proxy_baixo_risco,baixo,"porte no quartil superior, lucro positivo, ROE >= 5% e margem líquida >= 5%",4T2025 (TTM),1T2026,1T2026,1T2026,19605000000.0,16954000000.0,1.6553,1.13,0.2016,0.0919,41.06,2.4,2.58,0.03,0.079,0.0712,58670000000.0,2280000000.0,20700000000.0,1270000000.0,6950000000.0,29650000000.0,58670000000.0,22070000000.0,3871180000.0,5110000000.0,1858480000.0,18670000000.0,-1459620000.0,,1.0,0.7681921159945627,1.13,4680000000.0,4420000000.0,0.05882352941176472
ENGI11,blue_chip_proxy_baixo_risco,baixo,"porte no quartil superior, lucro positivo, ROE >= 5% e margem líquida >= 5%",4T2025 (TTM),1T2026,1T2026,1T2026,44562000000.0,34089000000.0,2.9402,1.56,0.1905,0.0886,59.66,6.88,3.73,0.04,0.1482,0.09630000000000001,86720000000.0,1140000000.0,39960000000.0,5620000000.0,13050000000.0,52040000000.0,86720000000.0,21640000000.0,6660000000.0,8830000000.0,2688130000.0,36030000000.0,-3831740000.0,,1.0,1.5752772643253234,1.56,9000000000.0,8410000000.0,0.07015457788347201
ENGI3,blue_chip_proxy_baixo_risco,baixo,"porte no quartil superior, lucro positivo, ROE >= 5% e margem líquida >= 5%",4T2025 (TTM),1T2026,1T2026,1T2026,44562000000.0,34089000000.0,2.9402,1.56,0.1905,0.0886,14.51,1.67,0.91,0.04,0.1482,0.09630000000000001,86720000000.0,1140000000.0,39960000000.0,5620000000.0,13050000000.0,52040000000.0,86720000000.0,21640000000.0,6660000000.0,8830000000.0,2688130000.0,36030000000.0,-3831740000.0,,1.0,1.5752772643253234,1.56,9000000000.0,8410000000.0,0.07015457788347201
ENGI4,blue_chip_proxy_baixo_risco,baixo,"porte no quartil superior, lucro positivo, ROE >= 5% e margem líquida >= 5%",4T2025 (TTM),1T2026,1T2026,1T2026,44562000000.0,34089000000.0,2.9402,1.56,0.1905,0.0886,11.24,1.3,0.7,0.04,0.1482,0.09630000000000001,86720000000.0,1140000000.0,39960000000.0,5620000000.0,13050000000.0,52040000000.0,86720000000.0,21640000000.0,6660000000.0,8830000000.0,2688130000.0,36030000000.0,-3831740000.0,,1.0,1.5752772643253234,1.56,9000000000.0,8410000000.0,0.07015457788347201
ISAE3,blue_chip_proxy_baixo_risco,baixo,"porte no quartil superior, lucro positivo, ROE >= 5% e margem líquida >= 5%",1T2026 (TTM),1T2026,1T2026,1T2026,16296000000.0,14987000000.0,1.1975,4.0,0.43100000000000005,0.2529,9.5,1.04,2.34,0.05,0.1103,0.0883,47940000000.0,639620000.0,15890000000.0,408550000.0,1620000000.0,24510000000.0,47940000000.0,21820000000.0,4097970000.0,3688530000.0,2405470000.0,9510000000.0,-1483070000.0,,1.0,0.6868469294225481,4.0,2510000000.0,2410000000.0,0.04149377593361003
ISAE4,blue_chip_proxy_baixo_risco,baixo,"porte no quartil superior, lucro positivo, ROE >= 5% e margem líquida >= 5%",1T2026 (TTM),1T2026,1T2026,1T2026,16296000000.0,14987000000.0,1.1975,4.0,0.43100000000000005,0.2529,8.02,0.88,1.98,0.05,0.1103,0.0883,47940000000.0,639620000.0,15890000000.0,408550000.0,1620000000.0,24510000000.0,47940000000.0,21820000000.0,4097970000.0,3688530000.0,2405470000.0,9510000000.0,-1483070000.0,,1.0,0.6868469294225481,4.0,2510000000.0,2410000000.0,0.04149377593361003
ITSA3,blue_chip_proxy_baixo_risco,baixo,"porte no quartil superior, lucro positivo, ROE >= 5% e margem líquida >= 5%",4T2025 (TTM),1T2026,1T2026,1T2026,10785000000.0,4866000000.0,0.1907,3.18,2.1965,2.0063,9.43,1.75,18.85,0.15,0.1772,0.174,114500000000.0,5030000000.0,10020000000.0,1200000000.0,5340000000.0,14210000000.0,114500000000.0,94960000000.0,18570000000.0,2118000000.0,17060000000.0,8370000000.0,-1596000000.0,,1.0,0.051242628475147434,3.18,2020000000.0,1900000000.0,0.06315789473684208
ITSA4,blue_chip_proxy_baixo_risco,baixo,"porte no quartil superior, lucro positivo, ROE >= 5% e margem líquida >= 5%",1T2026 (TTM),1T2026,1T2026,1T2026,11221000000.0,4250000000.0,0.20579999999999998,2.38,2.2197,2.0391,8.48,1.6,17.21,0.15,0.1796,0.1745,114500000000.0,5030000000.0,10020000000.0,1200000000.0,5340000000.0,14210000000.0,114500000000.0,94960000000.0,18570000000.0,2118000000.0,17060000000.0,8370000000.0,-1596000000.0,,1.0,0.04475568660488627,2.38,2020000000.0,1900000000.0,0.06315789473684208
ITUB3,blue_chip_proxy_baixo_risco,baixo,"porte no quartil superior, lucro positivo, ROE >= 5% e margem líquida >= 5%",1T2026 (TTM),1T2026,1T2026,1T2026,,,,0.77,,1.4579,9.52,2.21,13.88,0.1,0.2324,,479310000000.0,,,,277200000000.0,,479310000000.0,199780000000.0,,11590000000.0,46440000000.0,31850000000.0,-3000000.0,44490000000.0,1.0,,0.77,8109999999.999999,6940000000.0,0.16858789625360227
ITUB4,blue_chip_proxy_baixo_risco,baixo,"porte no quartil superior, lucro positivo, ROE >= 5% e margem líquida >= 5%",1T2026 (TTM),1T2026,1T2026,1T2026,,,,0.77,,1.4579,9.41,2.19,13.72,0.1,0.2324,,479310000000.0,,,,277200000000.0,,479310000000.0,199780000000.0,,11590000000.0,46440000000.0,31850000000.0,-3000000.0,44490000000.0,1.0,,0.77,8109999999.999999,6940000000.0,0.16858789625360227
LREN3,blue_chip_proxy_baixo_risco,baixo,"porte no quartil superior, lucro positivo, ROE >= 5% e margem líquida >= 5%",1T2026 (TTM),1T2026,1T2026,1T2026,399000000.0,-1455000000.0,0.8206,1.77,0.11380000000000001,0.09369999999999999,9.28,1.34,0.87,0.08,0.1441,0.1177,18870000000.0,1010000000.0,377430000.0,21610000.0,6170000000.0,2330000000.0,18870000000.0,10370000000.0,1813600000.0,9880000000.0,1493780000.0,15940000000.0,-86126000.0,,1.0,-0.1403085824493732,1.77,3370000000.0,3260000000.0,0.033742331288343586
PETR3,blue_chip_proxy_baixo_risco,baixo,"porte no quartil superior, lucro positivo, ROE >= 5% e margem líquida >= 5%",4T2025 (TTM),1T2026,1T2026,1T2026,384025000000.0,333417000000.0,1.9297,0.71,0.2927,0.2223,6.24,1.65,1.38,0.09,0.26489999999999997,0.12869999999999998,1250000000000.0,34290000000.0,305240000000.0,66450000000.0,189170000000.0,610530000000.0,1250000000000.0,446370000000.0,143850000000.0,235890000000.0,108030000000.0,498100000000.0,2250000000.0,,1.0,0.7469520801129108,0.71,123690000000.0,123140000000.0,0.00446646093876879
PETR4,blue_chip_proxy_baixo_risco,baixo,"porte no quartil superior, lucro positivo, ROE >= 5% e margem líquida >= 5%",4T2025 (TTM),1T2026,1T2026,1T2026,384025000000.0,333417000000.0,1.9297,0.71,0.2927,0.2223,5.63,1.49,1.25,0.09,0.26489999999999997,0.12869999999999998,1250000000000.0,34290000000.0,305240000000.0,66450000000.0,189170000000.0,610530000000.0,1250000000000.0,446370000000.0,143850000000.0,235890000000.0,108030000000.0,498100000000.0,2250000000.0,,1.0,0.7469520801129108,0.71,123690000000.0,123140000000.0,0.00446646093876879
PINE3,blue_chip_proxy_baixo_risco,baixo,"porte no quartil superior, lucro positivo, ROE >= 5% e margem líquida >= 5%",1T2026 (TTM),1T2026,1T2026,1T2026,,,,1.1,,0.0977,6.56,1.97,0.66,0.01,0.30010000000000003,,33290000000.0,,,,12490000000.0,,33290000000.0,1760000000.0,,1440620000.0,523260000.0,5150000000.0,19788455.0,414317220.0,1.0,,1.1,1320000000.0,944910000.0,0.3969584404863955
PINE4,blue_chip_proxy_baixo_risco,baixo,"porte no quartil superior, lucro positivo, ROE >= 5% e margem líquida >= 5%",1T2026 (TTM),1T2026,1T2026,1T2026,,,,1.1,,0.0977,7.02,2.11,0.69,0.01,0.30010000000000003,,35570000000.0,,,,12490000000.0,,35570000000.0,1730000000.0,,1203740000.0,520040000.0,5310000000.0,19788455.0,414317220.0,1.0,,1.1,1500000000.0,1050000000.0,0.4285714285714286
PRIO3,blue_chip_proxy_baixo_risco,baixo,"porte no quartil superior, lucro positivo, ROE >= 5% e margem líquida >= 5%",1T2026 (TTM),1T2026,1T2026,1T2026,26901000000.0,24107000000.0,1.3863,1.92,0.1808,0.14650000000000002,23.19,2.25,3.4,0.04,0.09720000000000001,0.05480000000000001,63550000000.0,2790000000.0,24950000000.0,1950000000.0,5550000000.0,31360000000.0,63550000000.0,26630000000.0,3192970000.0,4513980000.0,2588810000.0,17670000000.0,-2301100000.0,,1.0,0.905257228689448,1.92,6530000000.0,4440000000.0,0.4707207207207207
PSSA3,blue_chip_proxy_baixo_risco,baixo,"porte no quartil superior, lucro positivo, ROE >= 5% e margem líquida >= 5%",1T2026 (TTM),1T2026,1T2026,1T2026,0.0,-13042000000.0,2.667,1.24,0.0763,0.08900000000000001,8.55,2.03,0.75,0.06,0.2374,0.0718,57470000000.0,1990000000.0,0.0,0.0,27450000000.0,14350000000.0,57470000000.0,15670000000.0,3192110000.0,41810000000.0,3718630000.0,41810000000.0,1522690000.0,,1.0,-0.8322910019144862,1.24,10630000000.0,9710000000.0,0.09474768280123591
RAIL3,blue_chip_proxy_baixo_risco,baixo,"porte no quartil superior, lucro positivo, ROE >= 5% e margem líquida >= 5%",1T2026 (TTM),1T2026,1T2026,1T2026,22890000000.0,17466000000.0,2.8089,1.37,0.3422,0.0748,26.75,2.0,1.96,0.02,0.0752,0.10250000000000001,53720000000.0,5420000000.0,21880000000.0,1010000000.0,6050000000.0,33560000000.000004,53720000000.0,14100000000.0,4850000000.0,6460000000.0,1060030000.0,14160000000.0,-3103360000.0,,1.0,1.2387234042553192,1.37,3280000000.0,2970000000.0,0.10437710437710446
RENT3,blue_chip_proxy_baixo_risco,baixo,"porte no quartil superior, lucro positivo, ROE >= 5% e margem líquida >= 5%",1T2026 (TTM),1T2026,1T2026,1T2026,41957000000.0,32293000000.0,2.2485,1.23,0.1931,0.0512,21.43,1.84,1.1,0.03,0.0855,0.12840000000000001,85470000000.0,1760000000.0,38030000000.0,3930000000.0,16390000000.0,42770000000.0,85470000000.0,26310000000.0,8470000000.0,11610000000.0,2248020000.0,43920000000.0,-4690000000.0,,1.0,1.227404028886355,1.23,12280000000.0,10140000000.0,0.2110453648915187
RENT4,blue_chip_proxy_baixo_risco,baixo,"porte no quartil superior, lucro positivo, ROE >= 5% e margem líquida >= 5%",1T2026 (TTM),1T2026,1T2026,1T2026,41957000000.0,32293000000.0,2.2485,1.23,0.1931,0.0512,20.54,1.76,1.05,0.03,0.0855,0.12840000000000001,85470000000.0,1760000000.0,38030000000.0,3930000000.0,16390000000.0,42770000000.0,85470000000.0,26310000000.0,8470000000.0,11610000000.0,2248020000.0,43920000000.0,-4690000000.0,,1.0,1.227404028886355,1.23,12280000000.0,10140000000.0,0.2110453648915187
SANB11,blue_chip_proxy_baixo_risco,baixo,"porte no quartil superior, lucro positivo, ROE >= 5% e margem líquida >= 5%",1T2026 (TTM),1T2026,1T2026,1T2026,,,,8.42,,0.0788,15.64,1.57,1.21,0.01,0.10210000000000001,,1290000000000.0,,,,107590000000.0,,1290000000000.0,128270000000.00002,,58910000000.0,13090000000.0,166180000000.0,89170000.0,15660000000.0,1.0,,8.42,42430000000.0,38750000000.0,0.09496774193548396
SANB3,blue_chip_proxy_baixo_risco,baixo,"porte no quartil superior, lucro positivo, ROE >= 5% e margem líquida >= 5%",1T2026 (TTM),1T2026,1T2026,1T2026,,,,8.42,,0.1005,6.32,1.01,0.63,0.01,0.1593,,1280000000000.0,,,,107590000000.0,,1280000000000.0,97210000000.0,,24750000000.0,15480000000.0,154120000000.0,89170000.0,15660000000.0,1.0,,8.42,38990000000.0,35570000000.0,0.09614843969637343
SANB4,blue_chip_proxy_baixo_risco,baixo,"porte no quartil superior, lucro positivo, ROE >= 5% e margem líquida >= 5%",1T2026 (TTM),1T2026,1T2026,1T2026,,,,8.42,,0.1005,6.76,1.08,0.68,0.01,0.1593,,1280000000000.0,,,,107590000000.0,,1280000000000.0,97210000000.0,,24750000000.0,15480000000.0,154120000000.0,89170000.0,15660000000.0,1.0,,8.42,38990000000.0,35570000000.0,0.09614843969637343
SBSP3,blue_chip_proxy_baixo_risco,baixo,"porte no quartil superior, lucro positivo, ROE >= 5% e margem líquida >= 5%",1T2026 (TTM),1T2026,1T2026,1T2026,51642000000.0,32460000000.0,1.6634,1.74,0.3315,0.22030000000000002,11.77,2.35,2.59,0.07,0.19920000000000002,0.1359,116720000000.0,3540000000.0,46770000000.0,4870000000.0,14920000000.0,57970000000.0,116720000000.0,43820000000.0,13140000000.0,14500000000.0,8740000000.0,39620000000.0,-1334800000.0,,1.0,0.7407576449109995,1.74,9960000000.0,8430000000.0,0.18149466192170816
SUZB3,blue_chip_proxy_baixo_risco,baixo,"porte no quartil superior, lucro positivo, ROE >= 5% e margem líquida >= 5%",1T2026 (TTM),1T2026,1T2026,1T2026,90735000000.0,68386000000.0,2.4416,3.51,0.2052,0.2302,4.67,1.1,1.07,0.07,0.2366,0.0734,165830000000.0,12180000000.0,87300000000.0,3430000000.0,12020000000.0,105630000000.0,165830000000.0,48180000000.0,10180000000.0,15570000000.0,11396170000.0,49530000000.0,6680000000.0,,1.0,1.4193856371938565,3.51,10970000000.0,11550000000.0,-0.05021645021645027
TIMS3,blue_chip_proxy_baixo_risco,baixo,"porte no quartil superior, lucro positivo, ROE >= 5% e margem líquida >= 5%",1T2026 (TTM),1T2026,1T2026,1T2026,2770000000.0,-3059000000.0,1.3613,0.91,0.2432,0.1604,12.19,2.16,1.96,0.08,0.17739999999999997,0.14070000000000002,57800000000.0,4019999999.9999995,1850000000.0,978890000.0,15380000000.0,17990000000.0,57800000000.0,24420000000.0,6570000000.0,14610000000.0,4332480000.0,27040000000.0,-1715420000.0,,1.0,-0.12526617526617526,0.91,6810000000.0,6390000000.0,0.06572769953051649
VALE3,blue_chip_proxy_baixo_risco,baixo,"porte no quartil superior, lucro positivo, ROE >= 5% e margem líquida >= 5%",1T2026 (TTM),1T2026,1T2026,1T2026,98320000000.0,70768000000.0,1.3335,1.24,0.15710000000000002,0.0644,23.28,1.9,1.69,0.03,0.0706,0.0842,457170000000.0,26540000000.0,94370000000.0,3950000000.0,70510000000.0,190750000000.0,457170000000.0,195910000000.0,33750000000.0,75370000000.0,13840000000.0,214870000000.0,-6259000000.0,,1.0,0.36122709407380943,1.24,48680000000.0,47410000000.0,0.02678759755325877
VIVT3,blue_chip_proxy_baixo_risco,baixo,"porte no quartil superior, lucro positivo, ROE >= 5% e margem líquida >= 5%",4T2025 (TTM),1T2026,1T2026,1T2026,20346000000.0,13215000000.0,0.856,1.0,0.1654,0.1037,21.52,1.93,2.23,0.05,0.0895,0.0888,130479999999.99998,9060000000.0,14680000000.0,5190000000.0,26050000000.0,34650000000.0,130479999999.99998,69780000000.0,10190000000.0,27250000000.0,6390000000.0,60670000000.0,-2739630000.0,,1.0,0.18938091143594152,1.0,15460000000.0,14390000000.0,0.07435719249478812
WEGE3,blue_chip_proxy_baixo_risco,baixo,"porte no quartil superior, lucro positivo, ROE >= 5% e margem líquida >= 5%",1T2026 (TTM),1T2026,1T2026,1T2026,4092000000.0,-3294000000.0,1.273,1.55,0.1966,0.1672,28.79,10.2,4.5,0.15,0.3521,0.24100000000000002,43380000000.0,6360000000.0,992830000.0,3100000000.0,17660000000.0,6630000000.0,43380000000.0,19080000000.0,7910000000.0,13370000000.0,6710000000.0,40200000000.0,149100000.0,,1.0,-0.17264150943396225,1.55,9470000000.0,10080000000.0,-0.06051587301587302
AFLT3,crescimento_alto_risco,alto,crescimento anual de receita >= 15%; valuation elevado,1T2026 (TTM),1T2026,1T2026,1T2026,26000000.0,-19000000.0,0.4071,2.39,0.711,0.5135000000000001,14.27,1.8,7.33,0.09,0.1262,0.1426,366430000.0,45120000.0,0.0,26270000.0,53330000.0,52680000.0,366430000.0,260420000.00000003,45500000.0,52140000.0,32847000.0,63990000.0,-408000.0,,1.0,-0.0729590661239536,2.39,25240000.0,10410000.0,1.4245917387127762
ALOS3,crescimento_alto_risco,alto,valuation elevado,1T2026 (TTM),1T2026,1T2026,1T2026,0.0,-2156000000.0,0.9055,2.81,0.525,0.32520000000000004,17.44,1.11,5.03,0.04,0.0716,0.0666,24860000000.0,24960000.0,0.0,0.0,1040000000.0,10770000000.0,24860000000.0,13050000000.0,1508130000.0,2108940000.0,934140000.0,2872370000.0,-545530000.0,,1.0,-0.16521072796934866,2.81,663700000.0,649840000.0,0.0213283269727933
AUAU3,crescimento_alto_risco,alto,crescimento anual de receita >= 15%,1T2026 (TTM),1T2026,1T2026,1T2026,386000000.0,-158000000.0,1.211,1.19,0.0745,0.0333,,,,0.02,0.0431,0.055,6840000000.0,129660000.0,199890000.0,186490000.0,1900000000.0,1850000000.0,6840000000.0,3090000000.0,297920000.0,1840720000.0,133360000.0,3998320000.0,-97900000.0,,1.0,-0.0511326860841424,1.19,1690000000.0,705490000.0,1.3954981643963769
BAUH4,crescimento_alto_risco,alto,crescimento anual de receita >= 15%,4T2025 (TTM),1T2026,4T2025,4T2025,0.0,-71000000.0,0.4961,1.8,0.0843,0.0799,21.91,3.49,1.75,0.11,0.1595,0.24370000000000003,219610000.0,77540000.0,0.0,0.0,67280000.0,3160000.0,212460000.0,142010000.0,23890000.0,70660000.0,22650000.0,283530000.0,5025000.0,,0.9674422840489959,-0.4999647912118865,1.8,77330000.0,66680000.00000001,0.15971805638872216
BLAU3,crescimento_alto_risco,alto,crescimento anual de receita >= 15%,1T2026 (TTM),1T2026,1T2026,1T2026,560000000.0,18000000.0,0.5708,2.66,0.1865,0.1374,10.07,1.07,1.39,0.07,0.10650000000000001,0.1162,3570000000.0,56290000.0,310360000.0,249930000.0,687780000.0,610850000.0,3570000000.0,2280000000.0,329120000.0,713490000.0,242360000.0,1764360000.0,-3260000.0,,1.0,0.007894736842105263,2.66,434970000.0,373000000.0,0.16613941018766765
BMKS3,crescimento_alto_risco,alto,valuation elevado,4T2025 (TTM),1T2026,4T2025,4T2025,2000000.0,-160000000.0,0.2095,8.97,-1.6899000000000002,4.074,2.86,0.89,11.65,0.26,0.3103,-0.36350000000000005,251520000.0,164760000.0,816000.0,1890000.0,19940000.0,19930000.0,230130000.0,190260000.0,-24497000.0,4186000.0,59050000.0,14490000.0,120730000.0,,0.9149570610687023,-0.8409544833385894,8.97,3580000.0,3240000.0,0.1049382716049383
BMOB3,crescimento_alto_risco,alto,crescimento anual de receita >= 15%,4T2025 (TTM),1T2026,1T2026,1T2026,19000000.0,-344000000.0,0.9163,1.86,0.08470000000000001,0.0951,14.58,2.39,1.35,0.09,0.16570000000000001,0.1048,2029999999.9999998,229830000.0,39970000.0,927000.0,812200000.0,217250000.0,2029999999.9999998,996980000.0,158140000.0,470990000.0,168220000.0,1791780000.0,53280000.0,,1.0,-0.3450420269213023,1.86,482960000.0,387570000.0,0.24612328095569835
BRST3,crescimento_alto_risco,alto,crescimento anual de receita >= 15%,3T2024 (TTM),3T2024,3T2024,3T2024,1949000000.0,1031000000.0,1.5988,1.54,0.1496,0.08449999999999999,,,,0.03,0.0742,,4059999999.9999995,184630000.0,1530000000.0,417380000.0,756230000.0,1740000000.0,4059999999.9999995,1560000000.0,205010000.0,581140000.0,115850000.0,1370630000.0,-92070000.0,,1.0,0.6608974358974359,1.54,364690000.0,310510000.0,0.17448713406975624
CALI3,crescimento_alto_risco,alto,crescimento anual de receita >= 15%,1T2026 (TTM),1T2026,1T2026,1T2026,318000000.0,150000000.0,1.6947999999999999,4.51,0.16390000000000002,0.13240000000000002,4.27,0.87,0.41,0.05,0.14529999999999998,0.08800000000000001,1060000000.0,168110000.0,282660000.0,36020000.0,177680000.0,487140000.0,1060000000.0,392280000.0,70530000.0,121500000.0,56989000.0,430390000.0,-3502000.0,,1.0,0.38237993270113185,4.51,96640000.0,31860000.0,2.0332705586942876
CBAV3,crescimento_alto_risco,alto,valuation elevado,1T2026 (TTM),1T2026,1T2026,1T2026,4620000000.0,3132000000.0,1.9016,2.11,0.0496,0.027000000000000003,56.02,1.48,0.78,0.02,0.0487,0.0374,14110000000.0,1430000000.0,4440000000.0,178890000.0,2260000000.0,6990000000.0,14110000000.0,4860000000.0,434130000.0,731270000.0,236690000.0,8750000000.0,-83460000.0,,1.0,0.6444444444444445,2.11,2310000000.0,2340000000.0,-0.012820512820512775
CBEE3,crescimento_alto_risco,alto,crescimento anual de receita >= 15%; valuation elevado,1T2026 (TTM),1T2026,1T2026,1T2026,4934000000.0,4780000000.0,1.2398,0.68,0.08990000000000001,0.005,79.5,0.41,0.4,0.0,0.0051,0.0447,22330000000.0,154600000.0,1360000000.0,3570000000.0,7300000000.0,5060000000.0,22330000000.0,9970000000.0,909930000.0,1780020000.0,50800000.0,10120000000.0,-916630000.0,,1.0,0.4794383149448345,0.68,2670000000.0,2310000000.0,0.1558441558441559
CEGR3,crescimento_alto_risco,alto,valuation elevado,4T2025 (TTM),1T2026,4T2025,4T2025,763000000.0,527000000.0,1.2864,0.7,0.2172,0.128,23.21,6.98,2.97,0.13,0.30100000000000005,0.259,4770000000.0,132310000.0,136240000.0,627620000.0,1510000000.0,1120000000.0,4670000000.0,2040000000.0,1043870000.0,1593730000.0,615290000.0,4820000000.0,-145650000.0,,0.9790356394129979,0.25833333333333336,0.7,1190000000.0,1310000000.0,-0.09160305343511455
COCE3,crescimento_alto_risco,alto,crescimento anual de receita >= 15%,1T2026 (TTM),1T2026,1T2026,1T2026,6886000000.0,6695000000.0,1.9715,0.56,0.1709,0.0526,5.69,0.51,0.3,0.03,0.0901,0.1101,16660000000.0,190610000.0,4610000000.0,2280000000.0,5410000000.0,5650000000.0,16660000000.0,5610000000.0,1639790000.0,1997200000.0,505170000.0,9590000000.0,-1057670000.0,,1.0,1.1934046345811051,0.56,2360000000.0,1940000000.0,0.21649484536082464
COCE5,crescimento_alto_risco,alto,crescimento anual de receita >= 15%,1T2026 (TTM),1T2026,1T2026,1T2026,6886000000.0,6695000000.0,1.9715,0.56,0.1709,0.0526,5.58,0.5,0.29,0.03,0.0901,0.1101,16660000000.0,190610000.0,4610000000.0,2280000000.0,5410000000.0,5650000000.0,16660000000.0,5610000000.0,1639790000.0,1997200000.0,505170000.0,9590000000.0,-1057670000.0,,1.0,1.1934046345811051,0.56,2360000000.0,1940000000.0,0.21649484536082464
COGN3,crescimento_alto_risco,alto,crescimento anual de receita >= 15%,4T2025 (TTM),1T2026,1T2026,1T2026,6649000000.0,5366000000.0,0.7929,1.66,0.1863,0.0835,10.36,0.48,0.92,0.02,0.04360000000000001,0.060599999999999994,24300000000.0,6650000.0,5870000000.0,664470000.0,3010000000.0,7680000000.0,24300000000.0,13600000000.0,1416320000.0,5040000000.0,633010000.0,7530000000.0,-744730000.0,,1.0,0.39455882352941174,1.66,2150000000.0,1630000000.0,0.3190184049079754
CURY3,crescimento_alto_risco,alto,crescimento anual de receita >= 15%; valuation elevado,4T2025 (TTM),1T2026,1T2026,1T2026,1474000000.0,-317000000.0,2.4021000000000003,1.84,0.2349,0.2002,10.98,7.75,1.98,0.19,0.6505,0.35369999999999996,6200000000.0,1400000000.0,1170000000.0,175810000.0,1900000000.0,2400000000.0,6200000000.0,1890000000.0,1391950000.0,2301370000.0,1198720000.0,5800000000.0,-43940000.0,,1.0,-0.16772486772486772,1.84,1610000000.0,1220000000.0,0.319672131147541
DESK3,crescimento_alto_risco,alto,valuation elevado,1T2026 (TTM),1T2026,1T2026,1T2026,1659000000.0,1202000000.0,1.6600000000000001,1.41,0.31579999999999997,0.057,33.36,1.45,1.65,0.02,0.0489,0.1186,3870000000.0,457330000.0,1590000000.0,67480000.0,524140000.0,1890000000.0,3870000000.0,1450000000.0,393420000.0,759530000.0,71020000.0,1245610000.0,-270690000.0,,1.0,0.8289655172413793,1.41,321650000.0,294590000.0,0.09185647849553624
DMVF3,crescimento_alto_risco,alto,crescimento anual de receita >= 15%,1T2026 (TTM),1T2026,1T2026,1T2026,75000000.0,52000000.0,1.149,1.06,0.032,0.0087,12.66,0.33,0.11,0.01,0.026000000000000002,0.055099999999999996,1980000000.0,22990000.0,13020000.0,62210000.0,585130000.0,472820000.0,1980000000.0,920790000.0,88330000.0,794450000.0,23950000.0,2758830000.0,-68100000.0,,1.0,0.05647324579980234,1.06,660390000.0,568330000.0,0.1619833547410836
DXCO3,crescimento_alto_risco,alto,valuation elevado,1T2026 (TTM),1T2026,1T2026,1T2026,7963000000.0,4832000000.0,1.6688999999999998,2.05,0.09670000000000001,0.0091,515.93,0.64,0.53,0.0,0.010400000000000001,0.0524,19680000000.0,2760000000.0,7000000000.0,967330000.0,3290000000.0,9010000000.0,19680000000.0,7370000000.0,808830000.0,2117580000.0,76350000.0,8370000000.0,-847120000.0,,1.0,0.6556309362279511,2.05,2020000000.0,1900000000.0,0.06315789473684208
EQMA3B,crescimento_alto_risco,alto,crescimento anual de receita >= 15%,4T2025 (TTM),1T2026,4T2025,4T2025,4105000000.0,3523000000.0,1.5094,1.39,0.1819,0.1077,,,,0.07,0.1699,0.1292,11580000000.0,274730000.0,3870000000.0,240310000.0,1810000000.0,4860000000.0,11100000000.0,4420000000.0,1268910000.0,2087340000.0,751680000.0,6980000000.0,-390550000.0,,0.9585492227979274,0.7970588235294118,1.39,1980000000.0,1710000000.0,0.1578947368421053
FIQE3,crescimento_alto_risco,alto,crescimento anual de receita >= 15%,4T2025 (TTM),1T2026,1T2026,1T2026,538000000.0,278000000.0,1.2358,1.1,0.2776,0.17620000000000002,13.38,2.5,2.36,0.08,0.1872,0.153,3030000000.0,662660000.0,872400000.0,152370000.0,502130000.0,1360000000.0,3030000000.0,1170000000.0,350360000.0,639010000.0,224040000.0,1244940000.0,-40780000.0,,1.0,0.2376068376068376,1.1,329070000.0,269710000.0,0.220088242927589
HBOR3,crescimento_alto_risco,alto,crescimento anual de receita >= 15%,4T2025 (TTM),1T2026,1T2026,1T2026,1864000000.0,1614000000.0,1.3569,2.25,0.1107,0.0816,28.29,0.22,0.28,0.01,0.033,0.0201,6660000000.0,150050000.0,1440000000.0,517740000.0,1310000000.0,2530000000.0,6660000000.0,2830000000.0,124300000.0,355390000.0,80660000.0,1175870000.0,-20785000.0,,1.0,0.5703180212014134,2.25,346650000.0,299250000.0,0.15839598997493742
HBRE3,crescimento_alto_risco,alto,crescimento anual de receita >= 15%,1T2026 (TTM),1T2026,1T2026,1T2026,1555000000.0,1334000000.0,0.8541,0.72,0.6413,0.18510000000000001,9.81,0.16,0.53,0.02,0.038700000000000005,0.076,4890000000.0,12220000.0,1390000000.0,165400000.0,586200000.0,1670000000.0,4890000000.0,2640000000.0,353850000.0,217350000.0,102120000.0,551810000.0,-192390000.0,,1.0,0.5053030303030303,0.72,64810000.0,45610000.0,0.42096031572023684
HBTS5,crescimento_alto_risco,alto,valuation elevado,1T2026 (TTM),1T2026,1T2026,1T2026,198000000.0,173000000.0,1.5338,0.75,1.5033,1.5969,3.26,0.42,5.16,0.05,0.12840000000000001,0.048499999999999995,1670000000.0,1620000.0,174690000.0,23800000.0,185340000.0,827110000.0,1670000000.0,660080000.0,79810000.0,24910000.0,84780000.0,53100000.0,21340000.0,,1.0,0.2620894437037935,0.75,18180000.0,32259999.999999996,-0.43645381277123363
HYPE3,crescimento_alto_risco,alto,crescimento anual de receita >= 15%,1T2026 (TTM),1T2026,1T2026,1T2026,8543000000.0,6232000000.0,0.841,1.95,0.2887,0.1943,9.54,1.14,1.86,0.06,0.11880000000000002,0.1076,26000000000.0,2310000000.0,7920000000.0,627470000.0,3430000000.0,8439999999.999999,26000000000.0,14120000000.0,2492870000.0,5250000000.0,1678110000.0,8640000000.0,-895410000.0,,1.0,0.4413597733711048,1.95,2020000000.0,1080000000.0,0.8703703703703705
IGTI11,crescimento_alto_risco,alto,valuation elevado,1T2026 (TTM),1T2026,1T2026,1T2026,3941000000.0,1908000000.0,0.9871,2.82,0.8357,0.46520000000000006,44.52,6.52,20.71,0.07,0.1464,0.16870000000000002,9680000000.0,9790000.0,3560000000.0,385590000.0,907350000.0,3900000000.0,9680000000.0,4870000000.0,1280460000.0,1138560000.0,712720000.0,1532130000.0,-466680000.0,,1.0,0.3917864476386037,2.82,357420000.0,312120000.0,0.14513648596693574
IGTI4,crescimento_alto_risco,alto,valuation elevado,1T2026 (TTM),1T2026,1T2026,1T2026,3941000000.0,1908000000.0,0.9871,2.82,0.8357,0.46520000000000006,19.47,2.85,9.05,0.07,0.1464,0.16870000000000002,9680000000.0,9790000.0,3560000000.0,385590000.0,907350000.0,3900000000.0,9680000000.0,4870000000.0,1280460000.0,1138560000.0,712720000.0,1532130000.0,-466680000.0,,1.0,0.3917864476386037,2.82,357420000.0,312120000.0,0.14513648596693574
INTB3,crescimento_alto_risco,alto,crescimento anual de receita >= 15%,1T2026 (TTM),1T2026,1T2026,1T2026,975000000.0,-341000000.0,0.7071,2.65,0.1076,0.12369999999999999,8.3,1.52,1.03,0.11,0.18170000000000003,0.1564,5400000000.0,1300000000.0,676680000.0,298820000.0,1490000000.0,746650000.0,5400000000.0,3170000000.0,500360000.0,1412400000.0,575220000.0,4650000000.0,80960000.0,,1.0,-0.10757097791798108,2.65,1110000000.0,921270000.0,0.20485851053437099
JHSF3,crescimento_alto_risco,alto,crescimento anual de receita >= 15%,1T2026 (TTM),1T2026,1T2026,1T2026,5401000000.0,1158000000.0,1.4337,1.92,0.6584000000000001,0.5258,3.76,1.02,1.99,0.1,0.2546,0.171,18160000000.0,2520000000.0,4550000000.0,847430000.0,3730000000.0,6970000000.0,18160000000.0,7460000000.0,2375890000.0,2285590000.0,1900090000.0,3610460000.0,-342530000.0,,1.0,0.15522788203753352,1.92,537660000.0,403290000.0,0.33318455701852256
LAND3,crescimento_alto_risco,alto,valuation elevado,4T2025 (TTM),1T2026,1T2026,1T2026,68000000.0,57000000.0,0.3874,0.82,-0.0102,0.049100000000000005,177.04,1.28,8.7,0.01,0.0072,-0.0011,969710000.0,40490000.0,61770000.0,48640000.0,73390000.0,229880000.0,969710000.0,666440000.0,-1661000.0,92920000.0,3299999.999999999,97160000.0,-17020000.0,,1.0,0.08552907988716163,0.82,22540000.0,21960000.0,0.02641165755919861
LOGG3,crescimento_alto_risco,alto,crescimento anual de receita >= 15%; valuation elevado,1T2026 (TTM),1T2026,1T2026,1T2026,2218000000.0,2167000000.0,0.8235,0.82,2.5438,1.5843,5.6,0.6,8.69,0.06,0.1091,0.0977,6870000000.0,7410000.0,1660000000.0,557250000.0,927530000.0,2180000000.0,6870000000.0,3770000000.0,660130000.0,251360000.0,411150000.0,259510000.0,-183660000.0,,1.0,0.5748010610079576,0.82,66080000.0,55330000.0,0.19428881257907094
LOGN3,crescimento_alto_risco,alto,valuation elevado,4T2025 (TTM),1T2026,1T2026,1T2026,1699000000.0,1392000000.0,2.5705,1.42,0.1751,0.0304,36.86,3.17,1.12,0.02,0.086,0.1567,3810000000.0,220400000.0,1350000000.0,289730000.0,927320000.0,1840000000.0,3810000000.0,1050000000.0,458860000.0,456590000.0,29330000.0,3077550000.0,-125410000.0,,1.0,1.3257142857142856,1.42,680140000.0,683760000.0,-0.005294255294255312
MATD3,crescimento_alto_risco,alto,crescimento anual de receita >= 15%,1T2026 (TTM),1T2026,1T2026,1T2026,1364000000.0,781000000.0,1.8676,2.91,0.1688,0.0552,14.01,1.16,0.77,0.03,0.08220000000000001,0.1054,4330000000.0,556800000.0,1270000000.0,91940000.0,521210000.00000006,2300000000.0,4330000000.0,1510000000.0,379890000.0,681540000.0,124310000.0,2250930000.0,-191880000.0,,1.0,0.5172185430463576,2.91,574960000.0,499320000.0,0.15148602098854447
MDNE3,crescimento_alto_risco,alto,crescimento anual de receita >= 15%,1T2026 (TTM),1T2026,1T2026,1T2026,907000000.0,83000000.0,1.9186,2.78,0.2047,0.1985,5.64,1.35,1.12,0.08,0.2391,0.10220000000000001,6170000000.0,518860000.0,770750000.0,136530000.0,1230000000.0,2820000000.0,6170000000.0,2109999999.9999998,521070000.0,925580000.0,505290000.0,2545790000.0,52690000.0,,1.0,0.039336492890995264,2.78,627830000.0,438970000.0,0.43023441237442195
MELK3,crescimento_alto_risco,alto,crescimento anual de receita >= 15%,4T2025 (TTM),1T2026,1T2026,1T2026,604000000.0,423000000.0,1.2534,2.6,0.0901,0.1343,6.53,0.69,0.66,0.05,0.1234,0.0398,2850000000.0,11900000.0,365900000.0,336490000.0,864380000.0,743690000.0,2850000000.0,1240000000.0,123730000.0,299300000.0,164890000.0,1212590000.0,75910000.0,,1.0,0.3411290322580645,2.6,320490000.0,225180000.0,0.4232613908872902
MTRE3,crescimento_alto_risco,alto,crescimento anual de receita >= 15%,1T2026 (TTM),1T2026,1T2026,1T2026,666000000.0,485000000.0,1.2104000000000001,2.67,0.09140000000000001,0.0799,5.94,0.35,0.33,0.04,0.08220000000000001,0.0475,2360000000.0,181370000.0,472670000.0,193720000.0,651740000.0,643190000.0,2360000000.0,1070000000.0000001,100590000.0,289480000.0,87980000.0,1100730000.0,12240000.0,,1.0,0.4532710280373831,2.67,285110000.0,239310000.0,0.19138356107141363
MULT3,crescimento_alto_risco,alto,crescimento anual de receita >= 15%; valuation elevado,1T2026 (TTM),1T2026,1T2026,1T2026,5421000000.0,4507000000.0,1.0531000000000001,1.2,0.6529,0.40240000000000004,12.48,2.36,5.02,0.09,0.1889,0.16440000000000002,13290000000.0,376280000.0,4530000000.0,889810000.0,1750000000.0,5070000000.0,13290000000.0,6480000000.0,1985150000.0,2398120000.0,1223310000.0,3040390000.0,-595550000.0,,1.0,0.6955246913580246,1.2,826980000.0,525679999.99999994,0.5731623801552277
OFSA3,crescimento_alto_risco,alto,crescimento anual de receita >= 15%,1T2026 (TTM),1T2026,1T2026,1T2026,511000000.0,110000000.0,0.9974,3.46,0.2041,0.18789999999999998,7.2,2.13,1.35,0.15,0.2959,0.2366,1630000000.0,401100000.0,453900000.0,57920000.0,316910000.0,497430000.0,1630000000.0,816490000.0,262460000.0,676110000.0,241620000.0,1285890000.0,-14560000.0,,1.0,0.13472302171490158,3.46,250470000.0,189570000.0,0.3212533628738725
ORVR3,crescimento_alto_risco,alto,crescimento anual de receita >= 15%; valuation elevado,1T2026 (TTM),1T2026,1T2026,1T2026,2240000000.0,1384000000.0,1.8263999999999998,2.27,0.295,0.08779999999999999,88.15,5.15,6.59,0.02,0.0636,0.0983,4450000000.0,855590000.0,2049999999.9999998,185890000.0,592650000.0,2280000000.0,4450000000.0,1570000000.0,336540000.0,517080000.0,100140000.0,1140620000.0,-209270000.0,,1.0,0.8815286624203822,2.27,331080000.0,240800000.0,0.37491694352159466
PEAB3,crescimento_alto_risco,alto,valuation elevado,1T2026 (TTM),1T2026,1T2026,1T2026,149000000.0,-33000000.0,0.41600000000000004,4.07,0.3658,0.38070000000000004,15.85,0.77,6.04,0.03,0.0487,0.0385,1310000000.0,1420000.0,130009999.99999999,19220000.0,62280000.0,323230000.0,1310000000.0,926670000.0,43390000.0,50770000.0,45150000.0,118590000.0,9024000.0,,1.0,-0.03561138269286801,4.07,27840000.0,26510000.0,0.05016974726518297
PEAB4,crescimento_alto_risco,alto,valuation elevado,1T2026 (TTM),1T2026,1T2026,1T2026,149000000.0,-33000000.0,0.41600000000000004,4.07,0.3658,0.38070000000000004,15.56,0.76,5.93,0.03,0.0487,0.0385,1310000000.0,1420000.0,130009999.99999999,19220000.0,62280000.0,323230000.0,1310000000.0,926670000.0,43390000.0,50770000.0,45150000.0,118590000.0,9024000.0,,1.0,-0.03561138269286801,4.07,27840000.0,26510000.0,0.05016974726518297
PLPL3,crescimento_alto_risco,alto,crescimento anual de receita >= 15%,1T2026 (TTM),1T2026,1T2026,1T2026,1136000000.0,89000000.0,2.7754000000000003,2.87,0.1433,0.1131,6.2,1.96,0.61,0.09,0.33049999999999996,0.17250000000000001,4410000000.0,1040000000.0,950660000.0,185810000.0,1390000000.0,1850000000.0,4410000000.0,1170000000.0,488760000.0,1021790000.0,386010000.0,3416560000.0,-12409000.0,,1.0,0.07606837606837606,2.87,738330000.0,608290000.0,0.21377961169836746
PNVL3,crescimento_alto_risco,alto,crescimento anual de receita >= 15%,1T2026 (TTM),1T2026,1T2026,1T2026,1385000000.0,1081000000.0,1.8175000000000001,1.81,0.04730000000000001,0.0232,13.69,1.39,0.32,0.04,0.1018,0.10060000000000001,3660000000.0,17280000.0,1120000000.0,268399999.99999997,1180000000.0,1180000000.0,3660000000.0,1300000000.0,269530000.0,1846110000.0,132370000.0,5700000000.0,-116090000.0,,1.0,0.8315384615384616,1.81,1450000000.0,1260000000.0,0.1507936507936507
POSI3,crescimento_alto_risco,alto,valuation elevado,4T2025 (TTM),1T2026,1T2026,1T2026,1273000000.0,655000000.0,1.8386000000000002,1.69,0.06860000000000001,0.0036,67.3,0.37,0.17,0.0,0.0078000000000000005,0.0727,4380000000.0,605790000.0,787060000.0,439080000.0,1650000000.0,1180000000.0,4380000000.0,1560000000.0,247700000.0,840800000.0,12540000.0,3380880000.0,-221620000.0,,1.0,0.4198717948717949,1.69,741390000.0,715410000.0,0.036314840441145746
QUAL3,crescimento_alto_risco,alto,valuation elevado,1T2026 (TTM),1T2026,1T2026,1T2026,1781000000.0,795000000.0,2.0083,0.92,0.2157,0.0158,33.56,0.39,0.36,0.01,0.0169,0.11699999999999999,3980000000.0,296210000.0,1060000000.0,718260000.0,1400000000.0,1260000000.0,3980000000.0,1320000000.0,304210000.0,1232310000.0,22330000.0,1410330000.0,-177160000.0,,1.0,0.6022727272727273,0.92,334460000.0,362190000.0,-0.07656202545625224
RPAD3,crescimento_alto_risco,alto,valuation elevado,4T2025 (TTM),1T2026,4T2025,4T2025,0.0,-132000000.0,0.016200000000000003,13.9,349.74230000000006,350.0309,5.77,0.47,5534.9,0.08,0.0809,0.078,1030000000.0,218000.0,0.0,0.0,9730000.0,6770000.0,1030000000.0,1020000000.0,70310000.0,0.0,82198000.0,0.0,17120000.0,,1.0,-0.12941176470588237,13.9,0.0,0.0,
RPAD5,crescimento_alto_risco,alto,valuation elevado,4T2025 (TTM),1T2026,4T2025,4T2025,0.0,-132000000.0,0.016200000000000003,13.9,349.74230000000006,350.0309,6.34,0.51,5587.28,0.08,0.0809,0.078,1030000000.0,218000.0,0.0,0.0,9730000.0,6770000.0,1030000000.0,1020000000.0,70310000.0,0.0,82198000.0,0.0,17120000.0,,1.0,-0.12941176470588237,13.9,0.0,0.0,
RPAD6,crescimento_alto_risco,alto,valuation elevado,4T2025 (TTM),1T2026,4T2025,4T2025,0.0,-132000000.0,0.016200000000000003,13.9,349.74230000000006,350.0309,5.78,0.47,5019.83,0.08,0.0809,0.078,1030000000.0,218000.0,0.0,0.0,9730000.0,6770000.0,1030000000.0,1020000000.0,70310000.0,0.0,82198000.0,0.0,17120000.0,,1.0,-0.12941176470588237,13.9,0.0,0.0,
SAPR11,crescimento_alto_risco,alto,valuation elevado,4T2025 (TTM),1T2026,4T2025,4T2025,7392000000.0,1784000000.0,1.1434,1.2,0.32439999999999997,0.2886,32.36,5.45,9.34,0.08,0.1684,0.11480000000000001,26830000000.0,5360000000.0,6400000000.0,997330000.0,6020000000.0,8090000000.0,26470000000.0,12350000000.0,2337500000.0,4055770000.0,2081580000.0,7210000000.0,-34850000.0,,0.9865821841222512,0.14445344129554655,1.2,1890000000.0,1780000000.0,0.061797752808988804
SAUD3,crescimento_alto_risco,alto,valuation elevado,1T2026 (TTM),1T2026,1T2026,1T2026,0.0,-525000000.0,0.48100000000000004,1.16,0.3064,0.2309,13.28,5.24,3.07,0.27,0.39390000000000003,0.4855,2120000000.0,17540000.0,0.0,0.0,571540000.0,118550000.0,2120000000.0,1430000000.0,749680000.0,858270000.0,565120000.0,2447100000.0,54190000.0,,1.0,-0.36713286713286714,1.16,614630000.0,587800000.0,0.04564477713507986
SBFG3,crescimento_alto_risco,alto,crescimento anual de receita >= 15%,4T2025 (TTM),1T2026,1T2026,1T2026,2937000000.0,2257000000.0,2.1122,1.36,0.0683,0.0424,8.25,0.89,0.35,0.03,0.1072,0.07110000000000001,9110000000.0,223950000.0,2230000000.0,677740000.0,3240000000.0,2790000000.0,9110000000.0,3090000000.0,546010000.0,3865820000.0,334860000.0,7980000000.0,-267370000.0,,1.0,0.7304207119741101,1.36,1790000000.0,1550000000.0,0.1548387096774193
SMFT3,crescimento_alto_risco,alto,crescimento anual de receita >= 15%,1T2026 (TTM),1T2026,1T2026,1T2026,8666000000.0,4103000000.0,2.8211000000000004,1.72,0.2371,0.0902,16.56,1.93,1.49,0.03,0.1167,0.1048,22660000000.0,2740000000.0,7550000000.0,1110000000.0,3520000000.0,13200000000.0,22660000000.0,5930000000.0,1817450000.0,3290950000.0,691770000.0,7660000000.0,-1014000000.0,,1.0,0.6919055649241147,1.72,2100000000.0,1680000000.0,0.25
SOJA3,crescimento_alto_risco,alto,crescimento anual de receita >= 15%; valuation elevado,4T2025 (TTM),1T2026,1T2026,1T2026,1318000000.0,322000000.0,0.8337000000000001,6.77,0.0352,0.0386,50.59,0.76,0.39,0.03,0.0514,0.0375,3460000000.0,252150000.0,1560000000.0,61700000.0,511900000.0,1600000000.0,3460000000.0,1350000000.0,107496000.0,284850000.0,108460000.0,2617200000.0,-49060000.0,,1.0,0.23851851851851852,6.77,132080000.00000001,109630000.0,0.20477971358204883
TAEE11,crescimento_alto_risco,alto,valuation elevado,1T2026 (TTM),1T2026,1T2026,1T2026,11682000000.0,10079000000.0,1.9235,2.29,0.574,0.33520000000000005,25.4,5.01,8.52,0.07,0.197,0.12539999999999998,23270000000.0,1090000000.0,10600000000.0,1080000000.0,1690000000.0,13620000000.0,23270000000.0,7960000000.0,2685370000.0,2562320000.0,1568360000.0,4680000000.0,-1001440000.0,,1.0,1.2662060301507538,2.29,1040000000.0,982890000.0,0.058104162215507404
TELB3,crescimento_alto_risco,alto,crescimento anual de receita >= 15%,4T2025 (TTM),1T2026,4T2025,4T2025,19000000.0,-1501000000.0,1.5184,6.29,0.48210000000000003,0.2862,10.6,0.85,3.03,0.03,0.0802,0.0864,4390000000.0,738260000.0,14790000.0,5090000.0,367140000.0,2290000000.0,4410000000.0,1750000000.0,236700000.0,-172000000.0,140510000.0,491010000.0,-54260000.0,,1.0045558086560364,-0.8577142857142858,6.29,160550000.0,131550000.00000001,0.22044849866970728
TELB4,crescimento_alto_risco,alto,crescimento anual de receita >= 15%,4T2025 (TTM),1T2026,4T2025,4T2025,19000000.0,-1501000000.0,1.5184,6.29,0.48210000000000003,0.2862,6.6,0.53,1.89,0.03,0.0802,0.0864,4390000000.0,738260000.0,14790000.0,5090000.0,367140000.0,2290000000.0,4410000000.0,1750000000.0,236700000.0,-172000000.0,140510000.0,491010000.0,-54260000.0,,1.0045558086560364,-0.8577142857142858,6.29,160550000.0,131550000.00000001,0.22044849866970728
TFCO4,crescimento_alto_risco,alto,crescimento anual de receita >= 15%; valuation elevado,4T2025 (TTM),1T2026,1T2026,1T2026,170000000.0,135000000.0,0.723,2.72,0.203,0.136,107.16,27.42,14.74,0.15,0.25170000000000003,0.2497,1000000000.0,63640000.0,160910000.0,17920000.0,246550000.0,165120000.0,1000000000.0,591470000.0,215970000.0,621660000.0,141930000.0,1084890000.0,-35430000.0,,1.0,0.2282448813971968,2.72,251160000.0,212790000.0,0.1803186239954886
TGMA3,crescimento_alto_risco,alto,crescimento anual de receita >= 15%,1T2026 (TTM),1T2026,1T2026,1T2026,192000000.0,8000000.0,0.49979999999999997,2.22,0.1412,0.1032,8.56,2.24,0.88,0.17,0.2613,0.2923,1370000000.0,184190000.0,126020000.0,66379999.99999999,292320000.0,163050000.0,1370000000.0,911020000.0,325670000.0,428730000.0,238010000.0,2306350000.0,8020000.0,,1.0,0.008781365941472196,2.22,521280000.0,440360000.0,0.18375874284676175
TOTS3,crescimento_alto_risco,alto,crescimento anual de receita >= 15%,1T2026 (TTM),1T2026,1T2026,1T2026,4862000000.0,3430000000.0,1.4605000000000001,1.62,0.1991,0.1585,20.37,3.8,3.14,0.07,0.1795,0.1057,13050000000.0,1430000000.0,4700000000.0,166360000.0,2340000000.0,5400000000.0,13050000000.0,5310000000.0,1195740000.0,4247490000.0,952160000.0,6010000000.0,-129120000.0,,1.0,0.6459510357815442,1.62,1700000000.0,1390000000.0,0.2230215827338129
TRIS3,crescimento_alto_risco,alto,crescimento anual de receita >= 15%,4T2025 (TTM),1T2026,1T2026,1T2026,1060000000.0,519000000.0,1.3226,2.97,0.151,0.15460000000000002,6.87,0.97,1.02,0.06,0.1442,0.0732,3330000000.0,507570000.0,617990000.0,347910000.0,864400000.0,984250000.0,3330000000.0,1480000000.0,198730000.0,403270000.0,198380000.0,1449780000.0,40780000.0,,1.0,0.3506756756756757,2.97,343170000.0,271980000.0,0.26174718729318336
AHEB3,microcap_ou_dados_insuficientes,alto,ativo total e receita líquida TTM abaixo do primeiro quartil,4T2025 (TTM),1T2026,4T2025,4T2025,2000000.0,-67000000.0,1.024,2.61,0.0546,0.0688,5.45,0.75,0.37,0.07,0.1381,0.0641,598700000.0,85000000.0,772000.0,1960000.0,87250000.0,203590000.0,574850000.0,284010000.0,31120000.0,77440000.0,39220000.0,570120000.0,15495000.0,,0.9601636879906464,-0.23590718636667724,2.61,122590000.0,225880000.0,-0.4572782008145918
BALM3,microcap_ou_dados_insuficientes,alto,ativo total e receita líquida TTM abaixo do primeiro quartil,4T2025 (TTM),1T2026,1T2026,1T2026,21000000.0,-46000000.0,0.9086,2.29,0.16219999999999998,0.1034,14.1,1.66,1.19,0.08,0.1535,0.18239999999999998,282120000.0,16780000.0,18660000.0,2370000.0,87250000.0,42710000.0,282120000.0,152160000.0,34760000.0,134110000.0,22490000.0,212370000.0,-5351000.0,,1.0,-0.30231335436382756,2.29,47900000.0,49260000.0,-0.02760860738936255
BALM4,microcap_ou_dados_insuficientes,alto,ativo total e receita líquida TTM abaixo do primeiro quartil,4T2025 (TTM),1T2026,1T2026,1T2026,21000000.0,-46000000.0,0.9086,2.29,0.16219999999999998,0.1034,10.57,1.25,0.89,0.08,0.1535,0.18239999999999998,282120000.0,16780000.0,18660000.0,2370000.0,87250000.0,42710000.0,282120000.0,152160000.0,34760000.0,134110000.0,22490000.0,212370000.0,-5351000.0,,1.0,-0.30231335436382756,2.29,47900000.0,49260000.0,-0.02760860738936255
BBSE3,microcap_ou_dados_insuficientes,indefinido,dados obrigatórios ausentes: margem_liquida,1T2026 (TTM),1T2026,1T2026,3T2023,,,0.552,2.45,,,7.21,5.24,,0.47,0.7272,,19620000000.0,6070000000.0,,,3160000000.0,3810000000.0,19620000000.0,12640000000.0,10010000000.0,0.0,9190000000.0,0.0,-1018170000.0,,1.0,,2.45,0.0,0.0,
BMIN4,microcap_ou_dados_insuficientes,alto,ativo total e receita líquida TTM abaixo do primeiro quartil,1T2026 (TTM),1T2026,1T2026,1T2026,,,,1.28,,0.1593,7.59,0.59,1.21,0.02,0.0782,,633490000.0,,,,72810000.0,,633490000.0,145070000.0,,-199000.0,11350000.0,71230000.0,3000.0,8800000.0,1.0,,1.28,14270000.0,14740000.0,-0.03188602442333788
CAMB3,microcap_ou_dados_insuficientes,alto,ativo total e receita líquida TTM abaixo do primeiro quartil,1T2026 (TTM),1T2026,1T2026,1T2026,1000000.0,-57000000.0,0.2214,3.67,0.1714,0.1794,5.94,1.28,1.07,0.18,0.2159,0.2102,390150000.0,964000.0,854000.0,797000.0,54710000.0,16020000.0,390150000.0,319420000.0,65900000.0,189780000.0,68950000.0,384420000.0,5982000.0,,1.0,-0.17844843779350072,3.67,99160000.0,97860000.0,0.01328428367054979
CXSE3,microcap_ou_dados_insuficientes,indefinido,dados obrigatórios ausentes: margem_liquida,1T2026 (TTM),1T2026,1T2026,1T2026,10000000.0,-1100000000.0,0.0837,1.86,,,12.04,3.84,,0.29,0.3189,0.3436,14930000000.0,364000.0,8170000.0,1860000.0,1140000000.0,12100000.0,14930000000.0,13770000000.0,4740000000.0,0.0,4390000000.0,0.0,182170000.0,,1.0,-0.07988380537400146,1.86,0.0,0.0,
EALT3,microcap_ou_dados_insuficientes,alto,ativo total e receita líquida TTM abaixo do primeiro quartil,1T2026 (TTM),1T2026,1T2026,1T2026,99000000.0,78000000.0,0.7733,1.5,0.051500000000000004,0.1076,5.2,0.83,0.56,0.09,0.1602,0.047400000000000005,647020000.0,20640000.0,62000000.0,37130000.0,165540000.0,116610000.0,647020000.0,364860000.0,27990000.0,100330000.0,58450000.0,543200000.0,11835000.0,,1.0,0.2137806281861536,1.5,138910000.0,152180000.0,-0.08719936916809046
EALT4,microcap_ou_dados_insuficientes,alto,ativo total e receita líquida TTM abaixo do primeiro quartil,1T2026 (TTM),1T2026,1T2026,1T2026,99000000.0,78000000.0,0.7733,1.5,0.051500000000000004,0.1076,5.0,0.8,0.54,0.09,0.1602,0.047400000000000005,647020000.0,20640000.0,62000000.0,37130000.0,165540000.0,116610000.0,647020000.0,364860000.0,27990000.0,100330000.0,58450000.0,543200000.0,11835000.0,,1.0,0.2137806281861536,1.5,138910000.0,152180000.0,-0.08719936916809046
LPSB3,microcap_ou_dados_insuficientes,alto,ativo total e receita líquida TTM abaixo do primeiro quartil,4T2025 (TTM),1T2026,1T2026,1T2026,0.0,-72000000.0,0.7323000000000001,1.5,0.2468,0.2564,5.28,0.99,1.15,0.13,0.2273,0.1576,403290000.0,48240000.0,0.0,0.0,80520000.0,91990000.0,403290000.0,230770000.0,50940000.0,157510000.0,50800000.0,204090000.0,13690000.0,,1.0,-0.31199896000346666,1.5,49180000.0,48230000.0,0.01969728384822722
LUXM4,microcap_ou_dados_insuficientes,alto,ativo total e receita líquida TTM abaixo do primeiro quartil,4T2025 (TTM),1T2026,1T2026,1T2026,18000000.0,-10000000.0,0.4186,1.79,0.1837,0.1444,7.19,0.96,1.04,0.09,0.1338,0.1389,240490000.0,26830000.0,15830000.0,2069999.9999999998,27460000.0,40830000.0,240490000.0,172200000.0,27200000.0,46440000.0,20510000.0,156590000.0,3007000.0,,1.0,-0.05807200929152149,1.79,32759999.999999996,34230000.0,-0.042944785276073705
MNPR3,microcap_ou_dados_insuficientes,alto,ativo total e receita líquida TTM abaixo do primeiro quartil,4T2025 (TTM),1T2026,1T2026,1T2026,0.0,-124000000.0,1.2877,2.83,0.4189,1.1829,0.56,1.52,0.66,1.19,2.7204,0.6322,448580000.0,33270000.000000004,0.0,0.0,89060000.0,158300000.0,448580000.0,201220000.0,178940000.0,119290000.0,516250000.0,447970000.0,217232000.0,,1.0,-0.6162409303250174,2.83,117100000.0,105480000.0,0.11016306408797871
MTSA4,microcap_ou_dados_insuficientes,alto,ativo total e receita líquida TTM abaixo do primeiro quartil,4T2025 (TTM),1T2026,1T2026,1T2026,83000000.0,-151000000.0,0.34869999999999995,4.91,0.0629,0.0764,13.98,1.25,1.07,0.07,0.0892,0.09050000000000001,624110000.0,230990000.0,47410000.0,27990000.0,101420000.0,59570000.0,624110000.0,463120000.0,30410000.0,114740000.0,38860000.0,522320000.0,23690000.0,,1.0,-0.3260494040421489,4.91,105050000.0,115330000.0,-0.08913552414809678
NUTR3,microcap_ou_dados_insuficientes,alto,ativo total e receita líquida TTM abaixo do primeiro quartil,4T2025 (TTM),1T2026,1T2026,1T2026,21000000.0,18000000.0,1.5721,1.59,0.0362,0.024900000000000002,5.53,0.59,0.14,0.04,0.1066,0.0747,124150000.0,2530000.0,3820000.0,18300000.0,50220000.0,23950000.0,124150000.0,49970000.0,10850000.0,30750000.0,8714000.0,207180000.0,-9390000.0,,1.0,0.3602161296778067,1.59,37370000.0,46310000.0,-0.19304685812999356
OBTC3,microcap_ou_dados_insuficientes,indefinido,dados obrigatórios ausentes: margem_liquida,4T2025 (TTM),1T2026,1T2026,1T2026,120000000.0,101000000.0,0.0761,4.02,,,,,,-0.26,-0.2771,-0.2583,1400000000.0,68460000.0,106460000.0,52430000.0,63140000.0,106870000.0,1400000000.0,1230000000.0,-930712000.0,3000.0,-930693000.0,2000.0,1312000.0,,1.0,0.08211382113821138,4.02,3000.0,,
PSVM11,microcap_ou_dados_insuficientes,indefinido,dados obrigatórios ausentes: margem_liquida,4T2025 (TTM),1T2026,4T2025,4T2025,0.0,-1000000.0,278.7622,3.4,,,,,,-0.0,-1.1721,-0.0034999999999999996,87120000.0,199540.0,0.0,0.0,130120.0,87000000.0,87440000.0,312550.0,-303660.0,0.0,-366330.0,0.0,-62680.0,,1.0036730945821855,-3.1994880819068947,3.4,0.0,0.0,
RSUL4,microcap_ou_dados_insuficientes,alto,ativo total e receita líquida TTM abaixo do primeiro quartil,4T2025 (TTM),1T2026,1T2026,1T2026,32000000.0,-60000000.0,0.655,2.74,0.2249,0.1533,5.64,1.33,0.86,0.14,0.2352,0.2732,467130000.0,925000.0,46050000.0,5160000.0,82420000.0,97350000.0,467130000.0,287360000.0,98190000.0,174860000.0,62760000.0,419630000.0,-2123999.9999999995,,1.0,-0.20879732739420936,2.74,100190000.0,101010000.0,-0.008118008118008113
SOND5,microcap_ou_dados_insuficientes,alto,ativo total e receita líquida TTM abaixo do primeiro quartil,4T2025 (TTM),1T2026,1T2026,1T2026,0.0,-39000000.0,0.9486,1.55,0.2223,0.1578,5.09,2.69,0.8,0.27,0.528,0.5650000000000001,130620000.0,14380000.0,0.0,630000.0,48080000.0,10980000.0,130620000.0,71560000.0,45510000.0,82690000.0,34110000.0,231810000.0,2256000.0,,1.0,-0.5449972051425377,1.55,55370000.0,49970000.0,0.10806483890334206
SOND6,microcap_ou_dados_insuficientes,alto,ativo total e receita líquida TTM abaixo do primeiro quartil,4T2025 (TTM),1T2026,1T2026,1T2026,0.0,-39000000.0,0.9486,1.55,0.2223,0.1578,4.14,2.18,0.65,0.27,0.528,0.5650000000000001,130620000.0,14380000.0,0.0,630000.0,48080000.0,10980000.0,130620000.0,71560000.0,45510000.0,82690000.0,34110000.0,231810000.0,2256000.0,,1.0,-0.5449972051425377,1.55,55370000.0,49970000.0,0.10806483890334206
TECN3,microcap_ou_dados_insuficientes,alto,ativo total e receita líquida TTM abaixo do primeiro quartil,4T2025 (TTM),1T2026,1T2026,1T2026,47000000.0,8000000.0,0.583,3.69,0.1564,0.1494,7.58,1.24,1.13,0.1,0.16329999999999997,0.12460000000000002,680470000.0,25450000.0,30840000.0,11820000.0,123460000.0,119120000.0,680470000.0,437900000.0,75750000.0,264300000.0,73480000.0,482990000.0,5883000.0,,1.0,0.018269011189769355,3.69,91250000.0,86680000.0,0.05272265805260723
ALLD3,small_mid_cap_risco_medio,medio,"sem sinais fortes de distress, blue chip proxy ou crescimento de alto risco",1T2026 (TTM),1T2026,1T2026,1T2026,425000000.0,134000000.0,1.205,1.74,0.0941,0.0626,1.63,0.36,0.1,0.1,0.2227,0.2741,3390000000.0,290420000.0,354500000.0,70660000.0,1410000000.0,447490000.0,3390000000.0,1540000000.0,514240000.0,642100000.0,342340000.0,5460000000.0,-92650000.0,,1.0,0.08701298701298701,1.74,1160000000.0,1200000000.0,-0.033333333333333326
ALPA3,small_mid_cap_risco_medio,medio,"sem sinais fortes de distress, blue chip proxy ou crescimento de alto risco",1T2026 (TTM),1T2026,1T2026,1T2026,1274000000.0,479000000.0,0.8178000000000001,1.73,0.1446,0.1315,10.71,1.92,1.41,0.1,0.1788,0.1351,6290000000.0,794730000.0,847900000.0,426570000.0,1750000000.0,1080000000.0,6290000000.0,3460000000.0,680050000.0,2468010000.0,618320000.0,4710000000.0,-41460000.0,,1.0,0.1384393063583815,1.73,1230000000.0,1090000000.0,0.12844036697247696
ALPA4,small_mid_cap_risco_medio,medio,"sem sinais fortes de distress, blue chip proxy ou crescimento de alto risco",1T2026 (TTM),1T2026,1T2026,1T2026,1274000000.0,479000000.0,0.8178000000000001,1.73,0.1446,0.1315,12.46,2.23,1.64,0.1,0.1788,0.1351,6290000000.0,794730000.0,847900000.0,426570000.0,1750000000.0,1080000000.0,6290000000.0,3460000000.0,680050000.0,2468010000.0,618320000.0,4710000000.0,-41460000.0,,1.0,0.1384393063583815,1.73,1230000000.0,1090000000.0,0.12844036697247696
ANIM3,small_mid_cap_risco_medio,medio,"sem sinais fortes de distress, blue chip proxy ou crescimento de alto risco",1T2026 (TTM),1T2026,1T2026,1T2026,5875000000.0,4142000000.0,2.6069,1.9,0.2493,0.0622,9.78,0.55,0.32,0.02,0.0873,0.1192,10560000000.0,105090000.0,5270000000.0,607410000.0,1430000000.0,6200000000.0,10560000000.0,2930000000.0,1023020000.0,2590720000.0,255410000.0,4112320000.0,-763320000.0,,1.0,1.4136518771331057,1.9,1120000000.0,1040000000.0,0.07692307692307687
AZZA3,small_mid_cap_risco_medio,medio,"sem sinais fortes de distress, blue chip proxy ou crescimento de alto risco",1T2026 (TTM),1T2026,1T2026,1T2026,3244000000.0,2181000000.0,0.8979,2.2,0.0866,0.0717,4.8,0.5,0.34,0.05,0.1039,0.0795,15190000000.0,129680000.0,2680000000.0,561260000.0,3040000000.0,4139999999.9999995,15190000000.0,8010000000.0,1004560000.0,6370000000.0,832020000.0,11600000000.0,-808800000.0,,1.0,0.27228464419475656,2.2,2480000000.0,2700000000.0,-0.08148148148148149
BBAS3,small_mid_cap_risco_medio,medio,"sem sinais fortes de distress, blue chip proxy ou crescimento de alto risco",1T2026 (TTM),1T2026,1T2026,1T2026,,,,0.73,,0.04820000000000001,6.45,0.61,0.4,0.01,0.07980000000000001,,2560000000000.0,,,,1350000000000.0,,2610000000000.0,196910000000.0,,43240000000.0,14470000000.0,309850000000.0,4643000.0,4985800000.0,1.01953125,,0.73,78450000000.0,61980000000.0,0.26573088092933195
BGIP3,small_mid_cap_risco_medio,medio,"sem sinais fortes de distress, blue chip proxy ou crescimento de alto risco",4T2025 (TTM),1T2026,4T2025,4T2025,,,,0.98,,0.0809,9.22,1.53,0.75,0.01,0.16640000000000002,,13090000000.0,134440000.0,,,6350000000.0,,12750000000.0,910540000.0,,573300000.0,151470000.0,1871450000.0,0.0,206930000.0,0.974025974025974,,0.98,507340000.0,0.0,
BGIP4,small_mid_cap_risco_medio,medio,"sem sinais fortes de distress, blue chip proxy ou crescimento de alto risco",4T2025 (TTM),1T2026,4T2025,4T2025,,,,0.98,,0.0809,5.26,0.88,0.43,0.01,0.16640000000000002,,13090000000.0,134440000.0,,,6350000000.0,,12750000000.0,910540000.0,,573300000.0,151470000.0,1871450000.0,0.0,206930000.0,0.974025974025974,,0.98,507340000.0,0.0,
BRAP3,small_mid_cap_risco_medio,medio,"sem sinais fortes de distress, blue chip proxy ou crescimento de alto risco",4T2025 (TTM),1T2026,4T2025,4T2025,0.0,-19000000.0,0.046,1.62,0.47840000000000005,0.34500000000000003,14.25,1.02,1.89,0.07,0.07150000000000001,0.0591,7870000000.0,256000000.0,0.0,0.0,347820000.0,3970000.0,8000000000.0,7650000000.0,471900000.0,0.0,546990000.0,0.0,75080000.0,,1.0165184243964422,-0.0024836601307189543,1.62,0.0,0.0,
BRAP4,small_mid_cap_risco_medio,medio,"sem sinais fortes de distress, blue chip proxy ou crescimento de alto risco",4T2025 (TTM),1T2026,4T2025,4T2025,0.0,-19000000.0,0.046,1.62,0.47840000000000005,0.34500000000000003,16.57,1.19,1.81,0.07,0.07150000000000001,0.0591,7870000000.0,256000000.0,0.0,0.0,347820000.0,3970000.0,8000000000.0,7650000000.0,471900000.0,0.0,546990000.0,0.0,75080000.0,,1.0165184243964422,-0.0024836601307189543,1.62,0.0,0.0,
BRAV3,small_mid_cap_risco_medio,medio,"sem sinais fortes de distress, blue chip proxy ou crescimento de alto risco",1T2026 (TTM),1T2026,1T2026,1T2026,15847000000.0,10627000000.0,2.7344,1.12,0.21050000000000002,0.0196,38.33,0.78,0.75,0.01,0.0204,0.0698,42610000000.0,1150000000.0,14760000000.0,1090000000.0,7330000000.0,23870000000.0,42610000000.0,11410000000.0,2502000000.0,3305740000.0,233310000.0,11890000000.0,-2934550000.0,,1.0,0.9313759859772129,1.12,3140000000.0,2870000000.0,0.0940766550522647
CAML3,small_mid_cap_risco_medio,medio,"sem sinais fortes de distress, blue chip proxy ou crescimento de alto risco",1T2026 (TTM),1T2026,1T2026,1T2026,5270000000.0,3248000000.0,2.5728,1.95,0.056600000000000004,0.0134,13.38,0.66,0.18,0.01,0.0492,0.0837,10770000000.0,2000000000.0,4130000000.0,1140000000.0,2830000000.0,4920000000.0,10770000000.0,3020000000.0,629360000.0,2492280000.0,148470000.0,11120000000.0,-591660000.0,,1.0,1.0754966887417219,1.95,2500000000.0,3000000000.0,-0.16666666666666663
CEAB3,small_mid_cap_risco_medio,medio,"sem sinais fortes de distress, blue chip proxy ou crescimento de alto risco",1T2026 (TTM),1T2026,1T2026,1T2026,937000000.0,131000000.0,1.3306,1.67,0.12789999999999999,0.0732,5.83,0.92,0.43,0.07,0.15789999999999998,0.15710000000000002,8630000000.0,445140000.0,821450000.0,115950000.0,2410000000.0,2520000000.0,8630000000.0,3700000000.0,1021610000.0,4471190000.0,584670000.0,7990000000.0,-299610000.0,,1.0,0.035405405405405405,1.67,1620000000.0,1610000000.0,0.006211180124223503
CEBR3,small_mid_cap_risco_medio,medio,"sem sinais fortes de distress, blue chip proxy ou crescimento de alto risco",4T2025 (TTM),1T2026,1T2026,1T2026,0.0,-425000000.0,0.1632,6.68,0.4475,0.4611,12.31,2.5,4.47,0.17,0.2018,0.2516,1370000000.0,381010000.0,0.0,0.0,109380000.0,87770000.0,1370000000.0,1170000000.0,205780000.0,208600000.0,211970000.0,478480000.0,78260000.0,,1.0,-0.36324786324786323,6.68,103440000.0,135290000.0,-0.23542020844112643
CEBR5,small_mid_cap_risco_medio,medio,"sem sinais fortes de distress, blue chip proxy ou crescimento de alto risco",4T2025 (TTM),1T2026,1T2026,1T2026,0.0,-425000000.0,0.1632,6.68,0.4475,0.4611,11.33,2.3,4.12,0.17,0.2018,0.2516,1370000000.0,381010000.0,0.0,0.0,109380000.0,87770000.0,1370000000.0,1170000000.0,205780000.0,208600000.0,211970000.0,478480000.0,78260000.0,,1.0,-0.36324786324786323,6.68,103440000.0,135290000.0,-0.23542020844112643
CEBR6,small_mid_cap_risco_medio,medio,"sem sinais fortes de distress, blue chip proxy ou crescimento de alto risco",4T2025 (TTM),1T2026,1T2026,1T2026,0.0,-425000000.0,0.1632,6.68,0.4475,0.4611,12.21,2.48,4.44,0.17,0.2018,0.2516,1370000000.0,381010000.0,0.0,0.0,109380000.0,87770000.0,1370000000.0,1170000000.0,205780000.0,208600000.0,211970000.0,478480000.0,78260000.0,,1.0,-0.36324786324786323,6.68,103440000.0,135290000.0,-0.23542020844112643
CGRA3,small_mid_cap_risco_medio,medio,"sem sinais fortes de distress, blue chip proxy ou crescimento de alto risco",4T2025 (TTM),1T2026,1T2026,1T2026,0.0,-148000000.0,0.4389,2.26,0.07490000000000001,0.1126,7.27,0.69,0.82,0.07,0.09550000000000002,0.0546,1260000000.0,156440000.0,0.0,0.0,223490000.0,148890000.0,1260000000.0,883320000.0,62201000.0,404660000.0,84650000.0,741510000.0,29020000.0,,1.0,-0.16754969886337906,2.26,132090000.0,135400000.0,-0.02444608567208273
CGRA4,small_mid_cap_risco_medio,medio,"sem sinais fortes de distress, blue chip proxy ou crescimento de alto risco",4T2025 (TTM),1T2026,1T2026,1T2026,0.0,-148000000.0,0.4389,2.26,0.07490000000000001,0.1126,7.45,0.71,0.84,0.07,0.09550000000000002,0.0546,1260000000.0,156440000.0,0.0,0.0,223490000.0,148890000.0,1260000000.0,883320000.0,62201000.0,404660000.0,84650000.0,741510000.0,29020000.0,,1.0,-0.16754969886337906,2.26,132090000.0,135400000.0,-0.02444608567208273
CSED3,small_mid_cap_risco_medio,medio,"sem sinais fortes de distress, blue chip proxy ou crescimento de alto risco",4T2025 (TTM),1T2026,1T2026,1T2026,1364000000.0,556000000.0,1.9740000000000002,1.53,0.21550000000000002,0.10470000000000002,6.32,1.18,0.66,0.06,0.18660000000000002,0.1608,4860000000.0,930830000.0,1240000000.0,154280000.0,803680000.0,2400000000.0,4860000000.0,1650000000.0,568000000.0,1463670000.0,271930000.0,2866370000.0,-307170000.0,,1.0,0.336969696969697,1.53,701960000.0,671770000.0,0.04494097682242426
CSMG3,small_mid_cap_risco_medio,medio,"sem sinais fortes de distress, blue chip proxy ou crescimento de alto risco",1T2026 (TTM),1T2026,1T2026,1T2026,9372000000.0,6862000000.0,1.4511,1.6,0.23170000000000002,0.16140000000000002,15.01,2.32,2.42,0.06,0.15460000000000002,0.10470000000000002,21490000000.0,2240000000.0,8580000000.0,790450000.0,2660000000.0,10060000000.0,21490000000.0,8770000000.0,1945440000.0,3514660000.0,1355330000.0,8390000000.0,-309380000.0,,1.0,0.7824401368301026,1.6,2130000000.0,2060000000.0,0.03398058252427183
CSUD3,small_mid_cap_risco_medio,medio,"sem sinais fortes de distress, blue chip proxy ou crescimento de alto risco",4T2025 (TTM),1T2026,1T2026,1T2026,123000000.0,47000000.0,0.6145,1.48,0.18059999999999998,0.17010000000000003,6.97,1.59,1.19,0.14,0.228,0.18170000000000003,828960000.0,95310000.0,103900000.0,44790000.0,226110000.0,124710000.0,828960000.0,478130000.0,106390000.0,264920000.0,101750000.0,640130000.0,2232000.0,,1.0,0.09829962562483006,1.48,167290000.0,150690000.0,0.11015993098413968
CYRE3,small_mid_cap_risco_medio,medio,"sem sinais fortes de distress, blue chip proxy ou crescimento de alto risco",4T2025 (TTM),1T2026,1T2026,1T2026,8717000000.0,4735000000.0,1.2770000000000001,3.84,0.24370000000000003,0.25420000000000004,4.48,1.22,1.32,0.09,0.2089,0.1051,26710000000.0,194660000.0,7430000000.0,1360000000.0,4000000000.0,10780000000.0,26710000000.0,11930000000.0,2290800000.0,3098180000.0,2362070000.0,9510000000.0,226380000.0,,1.0,0.3968985750209556,3.84,2029999999.9999998,1950000000.0,0.04102564102564088
CYRE4,small_mid_cap_risco_medio,medio,"sem sinais fortes de distress, blue chip proxy ou crescimento de alto risco",4T2025 (TTM),1T2026,1T2026,1T2026,8717000000.0,4735000000.0,1.2770000000000001,3.84,0.24370000000000003,0.25420000000000004,4.15,1.13,1.23,0.09,0.2089,0.1051,26710000000.0,194660000.0,7430000000.0,1360000000.0,4000000000.0,10780000000.0,26710000000.0,11930000000.0,2290800000.0,3098180000.0,2362070000.0,9510000000.0,226380000.0,,1.0,0.3968985750209556,3.84,2029999999.9999998,1950000000.0,0.04102564102564088
DEXP3,small_mid_cap_risco_medio,medio,"sem sinais fortes de distress, blue chip proxy ou crescimento de alto risco",1T2026 (TTM),1T2026,1T2026,1T2026,263000000.0,-97000000.0,0.5369,3.8,0.10039999999999999,0.0741,6.22,0.84,0.46,0.09,0.1354,0.16519999999999999,1620000000.0,360560000.0,224490000.0,39340000.0,270080000.0,294730000.0,1620000000.0,1050000000.0,192890000.0,317270000.0,142390000.0,1920590000.0,8701000.0,,1.0,-0.09238095238095238,3.8,386910000.0,603150000.0,-0.3585177816463566
DEXP4,small_mid_cap_risco_medio,medio,"sem sinais fortes de distress, blue chip proxy ou crescimento de alto risco",1T2026 (TTM),1T2026,1T2026,1T2026,263000000.0,-97000000.0,0.5369,3.8,0.10039999999999999,0.0741,6.17,0.84,0.46,0.09,0.1354,0.16519999999999999,1620000000.0,360560000.0,224490000.0,39340000.0,270080000.0,294730000.0,1620000000.0,1050000000.0,192890000.0,317270000.0,142390000.0,1920590000.0,8701000.0,,1.0,-0.09238095238095238,3.8,386910000.0,603150000.0,-0.3585177816463566
DOHL4,small_mid_cap_risco_medio,medio,"sem sinais fortes de distress, blue chip proxy ou crescimento de alto risco",4T2025 (TTM),1T2026,1T2026,1T2026,183000000.0,42000000.0,0.4994,5.09,-0.002,0.016399999999999998,28.51,0.42,0.47,0.01,0.0147,-0.0015,1030000000.0,132870000.0,139040000.0,39340000.0,119610000.0,222550000.0,1030000000.0,689530000.0,-6016000.0,118620000.0,290000.0,608670000.0,8573000.0,,1.0,0.060911055356547214,5.09,135420000.0,149810000.0,-0.09605500300380487
EMBJ3,small_mid_cap_risco_medio,medio,"sem sinais fortes de distress, blue chip proxy ou crescimento de alto risco",1T2026 (TTM),1T2026,1T2026,1T2026,14040000000.0,3003000000.0,2.5368,1.48,0.08070000000000001,0.0398,30.82,3.04,1.21,0.03,0.0897,0.0696,67640000000.0,6870000000.0,13540000000.0,498660000.0,25320000000.0,23190000000.0,67640000000.0,19120000000.0,3483880000.0,7620000000.0,1715300000.0,43060000000.0,-1671870000.0,,1.0,0.15706066945606695,1.48,7580000000.0,6410000000.0,0.18252730109204363
ENMT3,small_mid_cap_risco_medio,medio,"sem sinais fortes de distress, blue chip proxy ou crescimento de alto risco",4T2025 (TTM),1T2026,4T2025,4T2025,8648000000.0,7729000000.0,2.9137,1.91,0.19090000000000001,0.09699999999999999,12.56,2.78,1.22,0.06,0.22160000000000002,0.1242,16870000000.000002,84110000.0,8210000000.000001,439620000.0,1890000000.0,9570000000.0,15390000000.0,3930000000.0,1714960000.0,2316300000.0,871280000.0,8980000000.0,-736090000.0,,0.912270302311796,1.9666666666666666,1.91,2270000000.0,2360000000.0,-0.03813559322033899
ENMT4,small_mid_cap_risco_medio,medio,"sem sinais fortes de distress, blue chip proxy ou crescimento de alto risco",4T2025 (TTM),1T2026,4T2025,4T2025,8648000000.0,7729000000.0,2.9137,1.91,0.19090000000000001,0.09699999999999999,13.07,2.9,1.27,0.06,0.22160000000000002,0.1242,16870000000.000002,84110000.0,8210000000.000001,439620000.0,1890000000.0,9570000000.0,15390000000.0,3930000000.0,1714960000.0,2316300000.0,871280000.0,8980000000.0,-736090000.0,,0.912270302311796,1.9666666666666666,1.91,2270000000.0,2360000000.0,-0.03813559322033899
EQPA3,small_mid_cap_risco_medio,medio,"sem sinais fortes de distress, blue chip proxy ou crescimento de alto risco",4T2025 (TTM),1T2026,4T2025,4T2025,8196000000.0,5465000000.0,2.6319,1.89,1.6385,1.5745,0.76,2.84,1.2,1.02,3.7161000000000004,1.3563999999999998,19830000000.0,1380000000.0,7710000000.0,489150000.0,3330000000.0,10300000000.0,18810000000.0,5180000000.0,20025740000.0,21066850000.0,19242510000.0,12220000000.0,-530450000.0,,0.9485627836611196,1.055019305019305,1.89,3310000000.0,2990000000.0,0.10702341137123739
EQPA5,small_mid_cap_risco_medio,medio,"sem sinais fortes de distress, blue chip proxy ou crescimento de alto risco",4T2025 (TTM),1T2026,4T2025,4T2025,8196000000.0,5465000000.0,2.6319,1.89,1.6385,1.5745,0.91,3.39,1.44,1.02,3.7161000000000004,1.3563999999999998,19830000000.0,1380000000.0,7710000000.0,489150000.0,3330000000.0,10300000000.0,18810000000.0,5180000000.0,20025740000.0,21066850000.0,19242510000.0,12220000000.0,-530450000.0,,0.9485627836611196,1.055019305019305,1.89,3310000000.0,2990000000.0,0.10702341137123739
EQTL3,small_mid_cap_risco_medio,medio,"sem sinais fortes de distress, blue chip proxy ou crescimento de alto risco",4T2025 (TTM),1T2026,1T2026,1T2026,54471000000.0,43989000000.0,2.8691000000000004,1.49,0.15630000000000002,0.0481,30.59,1.99,0.99,0.02,0.0884,0.0864,111790000000.0,5670000000.0,52160000000.0,4680000000.0,17520000000.0,66069999999.99999,111790000000.0,28200000000.0,8050800000.0,13600000000.0,2404770000.0,53120000000.0,-5720000000.0,,1.0,1.5598936170212765,1.49,12750000000.0,11380000000.0,0.12038664323374348
ESPA3,small_mid_cap_risco_medio,medio,"sem sinais fortes de distress, blue chip proxy ou crescimento de alto risco",1T2026 (TTM),1T2026,1T2026,1T2026,798000000.0,625000000.0,1.5802,1.73,0.158,0.0117,17.92,0.33,0.26,0.01,0.0149,0.0852,2240000000.0,172030000.0,721150000.0,76870000.0,603620000.0,765390000.0,2240000000.0,866370000.0,174130000.0,377940000.0,12920000.0,1101780000.0,-141700000.0,,1.0,0.721400787192539,1.73,288150000.0,279360000.0,0.031464776632302405
ETER3,small_mid_cap_risco_medio,medio,"sem sinais fortes de distress, blue chip proxy ou crescimento de alto risco",4T2025 (TTM),1T2026,1T2026,1T2026,154000000.0,111000000.0,0.6172,1.6,0.053,0.0426,5.01,0.29,0.21,0.04,0.0581,0.048600000000000004,1400000000.0,20180000.0,33680000.0,129710000.00000001,368880000.0,195760000.0,1400000000.0,830700000.0,55130000.0,228770000.0,47470000.0,1128760000.0,-10760000.0,,1.0,0.13362224629830263,1.6,262010000.0,280120000.0,-0.06465086391546482
EUCA3,small_mid_cap_risco_medio,medio,"sem sinais fortes de distress, blue chip proxy ou crescimento de alto risco",4T2025 (TTM),1T2026,1T2026,1T2026,1106000000.0,577000000.0,0.8011,2.32,0.1693,0.1028,5.95,0.69,0.61,0.06,0.1153,0.1262,5120000000.0,527909999.99999994,817500000.0,236230000.0,854260000.0,1320000000.0,5120000000.0,2940000000.0,613540000.0,1162750000.0,409540000.0,3143330000.0,-124390000.0,,1.0,0.19625850340136056,2.32,783790000.0,744710000.0,0.052476803050852006
EUCA4,small_mid_cap_risco_medio,medio,"sem sinais fortes de distress, blue chip proxy ou crescimento de alto risco",4T2025 (TTM),1T2026,1T2026,1T2026,1106000000.0,577000000.0,0.8011,2.32,0.1693,0.1028,5.92,0.68,0.61,0.06,0.1153,0.1262,5120000000.0,527909999.99999994,817500000.0,236230000.0,854260000.0,1320000000.0,5120000000.0,2940000000.0,613540000.0,1162750000.0,409540000.0,3143330000.0,-124390000.0,,1.0,0.19625850340136056,2.32,783790000.0,744710000.0,0.052476803050852006
EVEN3,small_mid_cap_risco_medio,medio,"sem sinais fortes de distress, blue chip proxy ou crescimento de alto risco",1T2026 (TTM),1T2026,1T2026,1T2026,1495000000.0,571000000.0,1.2949000000000002,4.53,0.1199,0.1431,5.11,0.57,0.58,0.05,0.1187,0.0536,5290000000.0,1140000.0,1240000000.0,258980000.00000003,856730000.0,2130000000.0,5290000000.0,2310000000.0,229340000.0,526430000.0,273760000.0,1913120000.0,97620000.0,,1.0,0.24718614718614718,4.53,330190000.0,337320000.0,-0.021137199098778647
EZTC3,small_mid_cap_risco_medio,medio,"sem sinais fortes de distress, blue chip proxy ou crescimento de alto risco",1T2026 (TTM),1T2026,1T2026,1T2026,1714000000.0,-7000000.0,0.40090000000000003,8.52,0.30210000000000004,0.38200000000000006,6.44,0.7,2.39,0.08,0.1101,0.08199999999999999,7340000000.0,42560000.0,1590000000.0,121340000.0,393540000.0,1710000000.0,7340000000.0,5240000000.0,456210000.0,626790000.0,576860000.0,1510090000.0,174700000.0,,1.0,-0.0013358778625954199,8.52,322520000.0,311250000.0,0.03620883534136543
FESA3,small_mid_cap_risco_medio,medio,"sem sinais fortes de distress, blue chip proxy ou crescimento de alto risco",4T2025 (TTM),1T2026,1T2026,1T2026,364000000.0,-626000000.0,0.35710000000000003,3.06,0.0202,0.0808,23.42,1.34,1.89,0.04,0.05740000000000001,0.0143,4420000000.0,364600000.0,319240000.0,39580000.0,537770000.0,596530000.0,4420000000.0,3280000000.0,32090000.0,384600000.0,161980000.0,2290980000.0,105450000.0,,1.0,-0.19085365853658537,3.06,506370000.0,549850000.0,-0.07907611166681827
FESA4,small_mid_cap_risco_medio,medio,"sem sinais fortes de distress, blue chip proxy ou crescimento de alto risco",4T2025 (TTM),1T2026,1T2026,1T2026,364000000.0,-626000000.0,0.35710000000000003,3.06,0.0202,0.0808,15.39,0.88,1.24,0.04,0.05740000000000001,0.0143,4420000000.0,364600000.0,319240000.0,39580000.0,537770000.0,596530000.0,4420000000.0,3280000000.0,32090000.0,384600000.0,161980000.0,2290980000.0,105450000.0,,1.0,-0.19085365853658537,3.06,506370000.0,549850000.0,-0.07907611166681827
FLRY3,small_mid_cap_risco_medio,medio,"sem sinais fortes de distress, blue chip proxy ou crescimento de alto risco",1T2026 (TTM),1T2026,1T2026,1T2026,5357000000.0,3206000000.0,1.5249000000000001,2.14,0.1477,0.0728,13.47,1.65,1.01,0.05,0.11720000000000001,0.12029999999999999,13330000000.0,9720000.0,4710000000.0,648110000.0,2180000000.0,5870000000.0,13330000000.0,5280000000.0,1255740000.0,2261990000.0,618490000.0,8490000000.0,-479630000.0,,1.0,0.6071969696969697,2.14,2220000000.0,2020000000.0,0.0990099009900991
FRAS3,small_mid_cap_risco_medio,medio,"sem sinais fortes de distress, blue chip proxy ou crescimento de alto risco",4T2025 (TTM),1T2026,1T2026,1T2026,2748000000.0,1418000000.0,1.9106,2.41,0.1319,0.0516,22.95,2.58,1.16,0.04,0.11410000000000001,0.1375,6970000000.0,1220000000.0,2370000000.0,302030000.0,1460000000.0,3090000000.0,6970000000.0,2430000000.0,678200000.0,1754350000.0,257320000.0,5400000000.0,-394700000.0,,1.0,0.5835390946502058,2.41,1250000000.0,1330000000.0,-0.06015037593984962
GEPA3,small_mid_cap_risco_medio,medio,"sem sinais fortes de distress, blue chip proxy ou crescimento de alto risco",4T2025 (TTM),1T2026,4T2025,4T2025,1335000000.0,1207000000.0,2.2131000000000003,0.18,0.3095,0.19920000000000002,12.34,2.5,2.46,0.06,0.2022,0.1158,4120000000.0,258269999.99999997,619520000.0,716210000.0,1680000000.0,1070000000.0000001,3990000000.0,1240000000.0,389780000.0,462800000.0,250850000.0,1259480000.0,-73420000.0,,0.9684466019417476,0.9733870967741935,0.18,313620000.0,0.0,
GEPA4,small_mid_cap_risco_medio,medio,"sem sinais fortes de distress, blue chip proxy ou crescimento de alto risco",4T2025 (TTM),1T2026,4T2025,4T2025,1335000000.0,1207000000.0,2.2131000000000003,0.18,0.3095,0.19920000000000002,13.85,2.8,2.76,0.06,0.2022,0.1158,4120000000.0,258269999.99999997,619520000.0,716210000.0,1680000000.0,1070000000.0000001,3990000000.0,1240000000.0,389780000.0,462800000.0,250850000.0,1259480000.0,-73420000.0,,0.9684466019417476,0.9733870967741935,0.18,313620000.0,0.0,
GGBR3,small_mid_cap_risco_medio,medio,"sem sinais fortes de distress, blue chip proxy ou crescimento de alto risco",1T2026 (TTM),1T2026,1T2026,1T2026,13834000000.0,8244000000.0,0.53,2.76,0.0605,0.0242,24.24,0.75,0.57,0.02,0.0316,0.0602,81050000000.0,5280000000.0,12920000000.0,909840000.0,10360000000.0,17720000000.0,81050000000.0,52970000000.0,4189080000.0,8310000000.0,1674500000.0,69200000000.0,-1227230000.0,,1.0,0.15563526524447802,2.76,16719999999.999998,17380000000.0,-0.03797468354430389
GGBR4,small_mid_cap_risco_medio,medio,"sem sinais fortes de distress, blue chip proxy ou crescimento de alto risco",1T2026 (TTM),1T2026,1T2026,1T2026,13834000000.0,8244000000.0,0.53,2.76,0.0605,0.0242,28.16,0.88,0.67,0.02,0.0316,0.0602,81050000000.0,5280000000.0,12920000000.0,909840000.0,10360000000.0,17720000000.0,81050000000.0,52970000000.0,4189080000.0,8310000000.0,1674500000.0,69200000000.0,-1227230000.0,,1.0,0.15563526524447802,2.76,16719999999.999998,17380000000.0,-0.03797468354430389
GGPS3,small_mid_cap_risco_medio,medio,"sem sinais fortes de distress, blue chip proxy ou crescimento de alto risco",1T2026 (TTM),1T2026,1T2026,1T2026,6143000000.0,2377000000.0,2.7659,3.24,0.08230000000000001,0.038,15.02,2.41,0.56,0.04,0.1617,0.1274,15630000000.0,3770000000.0,5960000000.0,180900000.0,2720000000.0,8760000000.0,15630000000.0,4150000000.0000005,1452820000.0,2588510000.0,671100000.0,17660000000.0,-504790000.0,,1.0,0.5727710843373494,3.24,4480000000.0,4099999999.9999995,0.09268292682926838
GMAT3,small_mid_cap_risco_medio,medio,"sem sinais fortes de distress, blue chip proxy ou crescimento de alto risco",1T2026 (TTM),1T2026,1T2026,1T2026,2720000000.0,735000000.0,1.0619,1.71,0.053200000000000004,0.0438,5.63,0.89,0.25,0.07,0.1442,0.11599999999999999,24740000000.0,1980000000.0,1180000000.0,1540000000.0,7570000000.0,5170000000.0,24740000000.0,12000000000.0,2100940000.0,8830000000.0,1729640000.0,39490000000.0,-956510000.0,,1.0,0.06125,1.71,9400000000.0,8330000000.0,0.12845138055222094
GOAU3,small_mid_cap_risco_medio,medio,"sem sinais fortes de distress, blue chip proxy ou crescimento de alto risco",1T2026 (TTM),1T2026,1T2026,1T2026,13834000000.0,8217000000.0,0.5294,2.76,0.0604,0.024100000000000003,21.7,0.66,0.18,0.02,0.0315,0.0601,81110000000.0,5300000000.0,12920000000.0,909840000.0,10360000000.0,17720000000.0,81110000000.0,53030000000.0,4176600000.0,8310000000.0,1672730000.0,69200000000.0,-1221210000.0,,1.0,0.15495002828587592,2.76,16719999999.999998,17380000000.0,-0.03797468354430389
GOAU4,small_mid_cap_risco_medio,medio,"sem sinais fortes de distress, blue chip proxy ou crescimento de alto risco",1T2026 (TTM),1T2026,1T2026,1T2026,13834000000.0,8217000000.0,0.5294,2.76,0.0604,0.024100000000000003,23.38,0.71,0.19,0.02,0.0315,0.0601,81110000000.0,5300000000.0,12920000000.0,909840000.0,10360000000.0,17720000000.0,81110000000.0,53030000000.0,4176600000.0,8310000000.0,1672730000.0,69200000000.0,-1221210000.0,,1.0,0.15495002828587592,2.76,16719999999.999998,17380000000.0,-0.03797468354430389
GRND3,small_mid_cap_risco_medio,medio,"sem sinais fortes de distress, blue chip proxy ou crescimento de alto risco",1T2026 (TTM),1T2026,1T2026,1T2026,150000000.0,-650000000.0,0.2939,2.55,0.1247,0.24800000000000003,5.75,1.15,1.43,0.15,0.1996,0.09880000000000001,4110000000.0000005,53820000.0,13720000.0,136970000.0,903830000.0,29070000.0,4110000000.0000005,3170000000.0,318630000.0,1135640000.0,633580000.0,2554360000.0,337900000.0,,1.0,-0.20504731861198738,2.55,533840000.00000006,563820000.0,-0.05317299847469037
IGTI3,small_mid_cap_risco_medio,medio,"sem sinais fortes de distress, blue chip proxy ou crescimento de alto risco",1T2026 (TTM),1T2026,1T2026,1T2026,3941000000.0,1908000000.0,0.9871,2.82,0.8357,0.46520000000000006,6.15,0.9,2.86,0.07,0.1464,0.16870000000000002,9680000000.0,9790000.0,3560000000.0,385590000.0,907350000.0,3900000000.0,9680000000.0,4870000000.0,1280460000.0,1138560000.0,712720000.0,1532130000.0,-466680000.0,,1.0,0.3917864476386037,2.82,357420000.0,312120000.0,0.14513648596693574
IRBR3,small_mid_cap_risco_medio,medio,"sem sinais fortes de distress, blue chip proxy ou crescimento de alto risco",1T2026 (TTM),1T2026,1T2026,3T2023,,,1.9062000000000001,1.56,-0.1857,-0.059699999999999996,12.35,0.81,0.25,0.02,0.0659,,15450000000.0,79560000.0,,,3790000000.0,6340000000.0,15450000000.0,5310000000.0,396850000.0,418500000.0,350410000.0,6480000000.0,119990000.0,,1.0,,1.56,1460000000.0,1750000000.0,-0.1657142857142857
JALL3,small_mid_cap_risco_medio,medio,"sem sinais fortes de distress, blue chip proxy ou crescimento de alto risco",4T2025 (TTM),4T2025,4T2025,4T2025,5336000000.0,3277000000.0,2.8566000000000003,3.39,-0.0088,0.0201,19.52,0.44,0.39,0.01,0.0225,-0.0034999999999999996,7960000000.0,2060000000.0,4630000000.0,704690000.0,984710000.0,4910000000.0,7960000000.0,2060000000.0,-20440000.0,164540000.0,46510000.0,2314710000.0,64110000.0,,1.0,1.590776699029126,3.39,515330000.00000006,740380000.0,-0.30396553121370096
JOPA3,small_mid_cap_risco_medio,medio,"sem sinais fortes de distress, blue chip proxy ou crescimento de alto risco",4T2025 (TTM),1T2026,1T2026,1T2026,1297000000.0,402000000.0,2.0133,2.95,0.0501,0.009300000000000001,19.25,0.37,0.13,0.01,0.0219,0.0658,2260000000.0,39360000.0,764640000.0,403900000.0,675130000.0,819340000.0,2260000000.0,769240000.0,88630000.0,441250000.0,16670000.0,1745740000.0,-52120000.0,,1.0,0.5225937288752535,2.95,331870000.0,388260000.0,-0.1452377272961417
KEPL3,small_mid_cap_risco_medio,medio,"sem sinais fortes de distress, blue chip proxy ou crescimento de alto risco",4T2025 (TTM),1T2026,1T2026,1T2026,333000000.0,16000000.0,0.9534,1.96,0.1301,0.10490000000000001,9.44,1.91,0.99,0.1,0.2018,0.1741,1520000000.0,375760000.0,171600000.0,164470000.0,494790000.0,230010000.0,1520000000.0,791850000.0,173250000.0,343390000.0,147850000.0,1451120000.0,-2296000.0,,1.0,0.020205847066995013,1.96,318060000.0,357230000.0,-0.10964924558407751
KLBN11,small_mid_cap_risco_medio,medio,"sem sinais fortes de distress, blue chip proxy ou crescimento de alto risco",1T2026 (TTM),1T2026,1T2026,1T2026,33587000000.0,24701000000.0,2.9855,1.78,0.1618,0.0353,147.79,11.25,4.89,0.01,0.0472,0.0684,62090000000.0,8100000000.0,31320000000.0,2270000000.0,9050000000.0,37460000000.0,62090000000.0,15580000000.0,3369350000.0,6194030000.0,734730000.0,20800000000.0,-2512060000.0,,1.0,1.5854300385109115,1.78,4950000000.0,4860000000.0,0.0185185185185186
KLBN3,small_mid_cap_risco_medio,medio,"sem sinais fortes de distress, blue chip proxy ou crescimento de alto risco",1T2026 (TTM),1T2026,1T2026,1T2026,33587000000.0,24701000000.0,2.9855,1.78,0.1618,0.0353,29.74,2.26,0.98,0.01,0.0472,0.0684,62090000000.0,8100000000.0,31320000000.0,2270000000.0,9050000000.0,37460000000.0,62090000000.0,15580000000.0,3369350000.0,6194030000.0,734730000.0,20800000000.0,-2512060000.0,,1.0,1.5854300385109115,1.78,4950000000.0,4860000000.0,0.0185185185185186
KLBN4,small_mid_cap_risco_medio,medio,"sem sinais fortes de distress, blue chip proxy ou crescimento de alto risco",1T2026 (TTM),1T2026,1T2026,1T2026,33587000000.0,24701000000.0,2.9855,1.78,0.1618,0.0353,29.74,2.26,0.98,0.01,0.0472,0.0684,62090000000.0,8100000000.0,31320000000.0,2270000000.0,9050000000.0,37460000000.0,62090000000.0,15580000000.0,3369350000.0,6194030000.0,734730000.0,20800000000.0,-2512060000.0,,1.0,1.5854300385109115,1.78,4950000000.0,4860000000.0,0.0185185185185186
LAVV3,small_mid_cap_risco_medio,medio,"sem sinais fortes de distress, blue chip proxy ou crescimento de alto risco",1T2026 (TTM),1T2026,1T2026,1T2026,1372000000.0,476000000.0,1.8571000000000002,4.22,0.25070000000000003,0.25,5.6,1.62,1.23,0.1,0.277,0.1232,4640000000.0,196180000.0,1230000000.0,141830000.0,955600000.0,2060000000.0,4640000000.0,1620000000.0,451130000.0,608800000.0,449880000.0,1799720000.0,42850000.0,,1.0,0.2938271604938272,4.22,372960000.0,334630000.0,0.11454442219765104
LEVE3,small_mid_cap_risco_medio,medio,"sem sinais fortes de distress, blue chip proxy ou crescimento de alto risco",1T2026 (TTM),1T2026,1T2026,1T2026,1524000000.0,994000000.0,2.5683,1.37,0.17260000000000003,0.1231,6.66,4.13,0.82,0.17,0.6188,0.33799999999999997,3830000000.0,517780000.0,823050000.0,700990000.0,1720000000.0,1040000000.0,3830000000.0,1070000000.0000001,931420000.0,1460220000.0,664270000.0,5410000000.0,-60740000.0,,1.0,0.9289719626168224,1.37,1260000000.0,1270000000.0,-0.007874015748031482
MDIA3,small_mid_cap_risco_medio,medio,"sem sinais fortes de distress, blue chip proxy ou crescimento de alto risco",1T2026 (TTM),1T2026,1T2026,1T2026,1402000000.0,-520000000.0,0.514,2.65,0.0693,0.0667,9.7,0.81,0.65,0.06,0.0833,0.0779,12660000000.0,1910000000.0,1340000000.0,64269999.99999999,2180000000.0,2120000000.0,12660000000.0,8359999999.999999,723780000.0,3391130000.0,696730000.0,10440000000.0,30130000.0,,1.0,-0.06220095693779905,2.65,2220000000.0,2210000000.0,0.004524886877828038
MGLU3,small_mid_cap_risco_medio,medio,"sem sinais fortes de distress, blue chip proxy ou crescimento de alto risco",1T2026 (TTM),1T2026,1T2026,1T2026,5060000000.0,3435000000.0,2.2572,1.13,0.047599999999999996,0.0034999999999999996,37.54,0.46,0.13,0.0,0.0121,0.0745,36710000000.0,1290000000.0,3700000000.0,1360000000.0,16270000000.0,9170000000.0,36710000000.0,11270000000.0,1833570000.0,11510000000.0,136610000.0,38520000000.0,-2124810000.0,,1.0,0.30479148181011534,1.13,9210000000.0,9390000000.0,-0.019169329073482455
MILS3,small_mid_cap_risco_medio,medio,"sem sinais fortes de distress, blue chip proxy ou crescimento de alto risco",1T2026 (TTM),1T2026,1T2026,1T2026,1875000000.0,1151000000.0,1.4325,2.21,0.3543,0.2281,6.86,1.66,1.56,0.1,0.2416,0.1974,4330000000.0,540960000.0,1750000000.0,125400000.0,643080000.0,1910000000.0,4330000000.0,1780000000.0,668370000.0,1167900000.0,430320000.0,1886660000.0,-180840000.0,,1.0,0.6466292134831461,2.21,461190000.0,412370000.0,0.11838882556927022
MLAS3,small_mid_cap_risco_medio,medio,"sem sinais fortes de distress, blue chip proxy ou crescimento de alto risco",1T2026 (TTM),1T2026,1T2026,1T2026,433000000.0,-191000000.0,0.7019,2.08,0.049100000000000005,0.044800000000000006,7.08,0.41,0.32,0.03,0.058499999999999996,0.0587,5260000000.0,624620000.0,170640000.0,263089999.99999997,1770000000.0,395650000.0,5260000000.0,3090000000.0,198130000.0,1054330000.0,180700000.0,4032400000.0,2670000.0,,1.0,-0.06181229773462783,2.08,872740000.0,763810000.0,0.14261400086408926
MRSA3B,small_mid_cap_risco_medio,medio,"sem sinais fortes de distress, blue chip proxy ou crescimento de alto risco",4T2025 (TTM),1T2026,1T2026,1T2026,9662000000.0,5283000000.0,1.8588,1.54,0.3714,0.20500000000000002,10.36,1.86,2.12,0.06,0.1797,0.1429,25820000000.0,4870000000.0,9690000000.0,1090000000.0,3240000000.0,13840000000.0,25820000000.0,8730000000.0,2782940000.0,3557160000.0,1350560000.0,7580000000.0,-752250000.0,,1.0,0.6051546391752577,1.54,1670000000.0,1680000000.0,-0.005952380952380931
MYPK3,small_mid_cap_risco_medio,medio,"sem sinais fortes de distress, blue chip proxy ou crescimento de alto risco",1T2026 (TTM),1T2026,1T2026,1T2026,5707000000.0,3841000000.0,2.1848,1.75,0.061900000000000004,0.0144,15.13,0.34,0.09,0.01,0.0479,0.0908,14560000000.0,1870000000.0,5430000000.0,279440000.0,3840000000.0,6150000000.0,14560000000.0,4570000000.0,943710000.0,1848580000.0,218700000.0,15240000000.0,-584570000.0,,1.0,0.8404814004376367,1.75,3810000000.0,3940000000.0,-0.032994923857868064
OPCT3,small_mid_cap_risco_medio,medio,"sem sinais fortes de distress, blue chip proxy ou crescimento de alto risco",1T2026 (TTM),1T2026,1T2026,1T2026,2010000000.0,1480000000.0,2.3853,2.32,0.15660000000000002,0.055999999999999994,16.25,1.97,0.91,0.04,0.1213,0.1234,3390000000.0,513020000.0,1840000000.0,174060000.0,495230000.0,1900000000.0,3390000000.0,1000000000.0,340140000.0,595630000.0,121560000.0,2172140000.0,-192150000.0,,1.0,1.48,2.32,497430000.0,459200000.0,0.08325348432055746
PATI3,small_mid_cap_risco_medio,medio,"sem sinais fortes de distress, blue chip proxy ou crescimento de alto risco",4T2025 (TTM),1T2026,1T2026,1T2026,318000000.0,-32000000.0,0.9083,2.08,0.0441,0.0259,16.8,1.13,0.43,0.04,0.0672,0.1107,1410000000.0,5400000.0,162820000.0,129750000.0,469900000.0,182220000.0,1410000000.0,758070000.0,79520000.0,204300000.0,48760000.0,1870520000.0,-4660000.0,,1.0,-0.04221246059071062,2.08,471370000.0,529380000.0,-0.10958101930560282
PATI4,small_mid_cap_risco_medio,medio,"sem sinais fortes de distress, blue chip proxy ou crescimento de alto risco",4T2025 (TTM),1T2026,1T2026,1T2026,318000000.0,-32000000.0,0.9083,2.08,0.0441,0.0259,17.76,1.19,0.46,0.04,0.0672,0.1107,1410000000.0,5400000.0,162820000.0,129750000.0,469900000.0,182220000.0,1410000000.0,758070000.0,79520000.0,204300000.0,48760000.0,1870520000.0,-4660000.0,,1.0,-0.04221246059071062,2.08,471370000.0,529380000.0,-0.10958101930560282
PFRM3,small_mid_cap_risco_medio,medio,"sem sinais fortes de distress, blue chip proxy ou crescimento de alto risco",1T2026 (TTM),1T2026,1T2026,1T2026,1061000000.0,744000000.0,2.7015,1.33,0.030699999999999998,0.0097,7.72,0.61,0.07,0.02,0.0693,0.10460000000000001,6040000000.0,316510000.0,636500000.0,424710000.0,3220000000.0,1190000000.0,6040000000.0,1630000000.0,356830000.0,1790690000.0,113030000.0,11610000000.0,-246780000.0,,1.0,0.456441717791411,1.33,2870000000.0,2710000000.0,0.05904059040590415
PGMN3,small_mid_cap_risco_medio,medio,"sem sinais fortes de distress, blue chip proxy ou crescimento de alto risco",4T2025 (TTM),1T2026,1T2026,1T2026,1733000000.0,1547000000.0,2.2071,1.59,0.057800000000000004,0.0175,17.27,1.46,0.3,0.03,0.0844,0.1208,9810000000.0,241290000.0,1530000000.0,121250000.0,3240000000.0,3210000000.0,9810000000.0,3360000000.0,912360000.0,4940000000.0,307910000.0,15340000000.0,-689860000.0,,1.0,0.46041666666666664,1.59,3810000000.0,3370000000.0,0.13056379821958464
POMO3,small_mid_cap_risco_medio,medio,"sem sinais fortes de distress, blue chip proxy ou crescimento de alto risco",1T2026 (TTM),1T2026,1T2026,1T2026,3376000000.0,1547000000.0,1.3071000000000002,1.97,0.1536,0.1391,5.8,1.78,0.8,0.13,0.30510000000000004,0.1999,9500000000.0,1830000000.0,2340000000.0,1040000000.0,2870000000.0,2520000000.0,9500000000.0,4120000000.0,1387650000.0,2303470000.0,1257050000.0,9050000000.0,178040000.0,,1.0,0.3754854368932039,1.97,1660000000.0,1680000000.0,-0.011904761904761862
POMO4,small_mid_cap_risco_medio,medio,"sem sinais fortes de distress, blue chip proxy ou crescimento de alto risco",1T2026 (TTM),1T2026,1T2026,1T2026,3376000000.0,1547000000.0,1.3071000000000002,1.97,0.1536,0.1391,6.06,1.86,0.84,0.13,0.30510000000000004,0.1999,9500000000.0,1830000000.0,2340000000.0,1040000000.0,2870000000.0,2520000000.0,9500000000.0,4120000000.0,1387650000.0,2303470000.0,1257050000.0,9050000000.0,178040000.0,,1.0,0.3754854368932039,1.97,1660000000.0,1680000000.0,-0.011904761904761862
PRNR3,small_mid_cap_risco_medio,medio,"sem sinais fortes de distress, blue chip proxy ou crescimento de alto risco",1T2026 (TTM),1T2026,1T2026,1T2026,836000000.0,524000000.0,2.0205,1.47,0.0906,0.0353,25.16,2.01,0.67,0.03,0.09179999999999999,0.0965,1880000000.0,301110000.0,625910000.0,210680000.0,570300000.0,685990000.0,1880000000.0,621770000.0,146460000.0,300530000.0,57107000.0,1615970000.0,-89350000.0,,1.0,0.842755359698924,1.47,421200000.0,368850000.0,0.14192761285075228
PTNT3,small_mid_cap_risco_medio,medio,"sem sinais fortes de distress, blue chip proxy ou crescimento de alto risco",4T2025 (TTM),1T2026,1T2026,1T2026,465000000.0,126000000.0,1.0772,4.13,0.0443,0.0541,10.69,1.01,0.53,0.04,0.0842,0.0521,1160000000.0,353400000.0,444990000.0,65230000.00000001,203360000.0,454860000.0,1160000000.0,500870000.0,36710000.0,131980000.0,47960000.0,828060000.0,-2390000.0,,1.0,0.25156228162996386,4.13,220210000.0,220870000.0,-0.0029881830941277387
PTNT4,small_mid_cap_risco_medio,medio,"sem sinais fortes de distress, blue chip proxy ou crescimento de alto risco",4T2025 (TTM),1T2026,1T2026,1T2026,465000000.0,126000000.0,1.0772,4.13,0.0443,0.0541,10.03,0.95,0.5,0.04,0.0842,0.0521,1160000000.0,353400000.0,444990000.0,65230000.00000001,203360000.0,454860000.0,1160000000.0,500870000.0,36710000.0,131980000.0,47960000.0,828060000.0,-2390000.0,,1.0,0.25156228162996386,4.13,220210000.0,220870000.0,-0.0029881830941277387
RADL3,small_mid_cap_risco_medio,medio,"sem sinais fortes de distress, blue chip proxy ou crescimento de alto risco",1T2026 (TTM),1T2026,1T2026,1T2026,3661000000.0,3123000000.0,2.4429,1.47,0.060700000000000004,0.028900000000000002,25.94,4.56,0.75,0.05,0.17629999999999998,0.1487,25270000000.0,441800000.0,3240000000.0,425460000.0,10460000000.0,7480000000.0,25270000000.0,7340000000.0,2717130000.0,13470000000.0,1294120000.0,44760000000.0,-1342670000.0,,1.0,0.4254768392370572,1.47,10570000000.0,9270000000.0,0.14023732470334416
RANI3,small_mid_cap_risco_medio,medio,"sem sinais fortes de distress, blue chip proxy ou crescimento de alto risco",1T2026 (TTM),1T2026,1T2026,1T2026,1842000000.0,1082000000.0,1.6147,2.19,0.24180000000000001,0.12119999999999999,8.92,1.23,1.08,0.05,0.1378,0.1363,3850000000.0,760220000.0,1470000000.0,369780000.0,585090000.0,1790000000.0,3850000000.0,1470000000.0,404480000.0,653080000.0,202780000.0,1673080000.0,-135600000.0,,1.0,0.7360544217687075,2.19,409850000.0,423080000.0,-0.031270681667769695
RECV3,small_mid_cap_risco_medio,medio,"sem sinais fortes de distress, blue chip proxy ou crescimento de alto risco",1T2026 (TTM),1T2026,1T2026,1T2026,3173000000.0,1516000000.0,1.1611,2.18,0.2052,0.1793,6.7,0.85,1.2,0.06,0.1274,0.0852,9070000000.0,272550000.0,3070000000.0,107720000.0,1030000000.0,3840000000.0,9070000000.0,4200000000.0,611910000.0,918150000.0,534630000.0,2981310000.0,4580000.0,,1.0,0.36095238095238097,2.18,684460000.0,860750000.0,-0.2048097589311647
RIAA3,small_mid_cap_risco_medio,medio,"sem sinais fortes de distress, blue chip proxy ou crescimento de alto risco",4T2025 (TTM),1T2026,1T2026,1T2026,2463000000.0,152000000.0,1.7785,1.56,0.2263,0.1405,3.11,0.86,0.44,0.1,0.2756,0.20920000000000002,14090000000.0,1050000000.0,1790000000.0,702240000.0,5700000000.0,3070000000.0,14090000000.0,5320000000.0,2373520000.0,6470000000.0,1511830000.0,10610000000.0,-524670000.0,,1.0,0.02857142857142857,1.56,2320000000.0,2200000000.0,0.05454545454545445
ROMI3,small_mid_cap_risco_medio,medio,"sem sinais fortes de distress, blue chip proxy ou crescimento de alto risco",1T2026 (TTM),1T2026,1T2026,1T2026,941000000.0,557000000.0,1.1271,2.27,0.0645,0.061500000000000006,7.82,0.49,0.48,0.03,0.063,0.0379,2650000000.0,345220000.0,646270000.0,294980000.0,714640000.0,687690000.0,2650000000.0,1240000000.0,82180000.0,359140000.0,78450000.0,1274590000.0,21700000.0,,1.0,0.4491935483870968,2.27,220970000.0,273100000.0,-0.19088246063712921
SAPR3,small_mid_cap_risco_medio,medio,"sem sinais fortes de distress, blue chip proxy ou crescimento de alto risco",4T2025 (TTM),1T2026,4T2025,4T2025,7392000000.0,1784000000.0,1.1434,1.2,0.32439999999999997,0.2886,7.58,1.28,2.19,0.08,0.1684,0.11480000000000001,26830000000.0,5360000000.0,6400000000.0,997330000.0,6020000000.0,8090000000.0,26470000000.0,12350000000.0,2337500000.0,4055770000.0,2081580000.0,7210000000.0,-34850000.0,,0.9865821841222512,0.14445344129554655,1.2,1890000000.0,1780000000.0,0.061797752808988804
SAPR4,small_mid_cap_risco_medio,medio,"sem sinais fortes de distress, blue chip proxy ou crescimento de alto risco",4T2025 (TTM),1T2026,4T2025,4T2025,7392000000.0,1784000000.0,1.1434,1.2,0.32439999999999997,0.2886,6.18,1.04,1.78,0.08,0.1684,0.11480000000000001,26830000000.0,5360000000.0,6400000000.0,997330000.0,6020000000.0,8090000000.0,26470000000.0,12350000000.0,2337500000.0,4055770000.0,2081580000.0,7210000000.0,-34850000.0,,0.9865821841222512,0.14445344129554655,1.2,1890000000.0,1780000000.0,0.061797752808988804
SEER3,small_mid_cap_risco_medio,medio,"sem sinais fortes de distress, blue chip proxy ou crescimento de alto risco",1T2026 (TTM),1T2026,1T2026,1T2026,920000000.0,392000000.0,1.5169,1.56,0.2061,0.1091,6.21,1.08,0.68,0.07,0.174,0.155,3570000000.0,527620000.0,656940000.0,263380000.0,795270000.0,1360000000.0,3570000000.0,1420000000.0,465830000.0,1348440000.0,246710000.0,2260300000.0,-206100000.0,,1.0,0.27605633802816903,1.56,583760000.0,539990000.0,0.08105705661215956
SHUL4,small_mid_cap_risco_medio,medio,"sem sinais fortes de distress, blue chip proxy ou crescimento de alto risco",4T2025 (TTM),1T2026,1T2026,1T2026,1011000000.0,-134000000.0,1.0624,2.6,0.1229,0.149,6.4,1.23,0.95,0.09,0.19260000000000002,0.1318,2990000000.0,24100000.0,520350000.0,316000000.0,747750000.0,713910000.0,2990000000.0,1530000000.0,207370000.0,424820000.0,272910000.0,1892780000.0,59440000.0,,1.0,-0.08758169934640522,2.6,448040000.0,494120000.0,-0.09325669877762488
SLCE3,small_mid_cap_risco_medio,medio,"sem sinais fortes de distress, blue chip proxy ou crescimento de alto risco",4T2025 (TTM),1T2026,1T2026,1T2026,7728000000.0,5080000000.0,2.7736,1.8,0.1857,0.0579,16.8,1.85,0.96,0.03,0.0999,0.1086,19810000000.0,921860000.0,5920000000.0,1350000000.0,3870000000.0,9970000000.0,19810000000.0,5970000000.0,1570910000.0,2796030000.0,290590000.0,9590000000.0,-1262270000.0,,1.0,0.8509212730318257,1.8,2670000000.0,2830000000.0,-0.05653710247349819
SMTO3,small_mid_cap_risco_medio,medio,"sem sinais fortes de distress, blue chip proxy ou crescimento de alto risco",4T2025 (TTM),4T2025,4T2025,4T2025,11408000000.0,8106000000.0,2.1704,2.87,0.1811,0.1109,7.96,0.84,0.88,0.03,0.10529999999999999,0.0655,23140000000.0,45590000.0,10090000000.0,1320000000.0,2710000000.0,13130000000.0,23140000000.0,7300000000.0,1254390000.0,1703780000.0,768370000.0,6930000000.0,-822450000.0,,1.0,1.1104109589041096,2.87,1590000000.0,1820000000.0,-0.12637362637362637
SYNE3,small_mid_cap_risco_medio,medio,"sem sinais fortes de distress, blue chip proxy ou crescimento de alto risco",4T2025 (TTM),1T2026,1T2026,1T2026,463000000.0,233000000.0,0.6940000000000001,1.3,0.4743,0.2285,9.49,0.91,1.87,0.03,0.055700000000000006,0.0765,2250000000.0,153390000.0,452310000.0,15080000.0,202480000.0,588860000.0,2250000000.0,1460000000.0,155240000.0,176580000.0,77190000.0,326230000.0,-51830000.0,,1.0,0.15958904109589042,1.3,82330000.0,83760000.0,-0.01707258834766001
TAEE3,small_mid_cap_risco_medio,medio,"sem sinais fortes de distress, blue chip proxy ou crescimento de alto risco",1T2026 (TTM),1T2026,1T2026,1T2026,11682000000.0,10079000000.0,1.9235,2.29,0.574,0.33520000000000005,8.43,1.66,2.83,0.07,0.197,0.12539999999999998,23270000000.0,1090000000.0,10600000000.0,1080000000.0,1690000000.0,13620000000.0,23270000000.0,7960000000.0,2685370000.0,2562320000.0,1568360000.0,4680000000.0,-1001440000.0,,1.0,1.2662060301507538,2.29,1040000000.0,982890000.0,0.058104162215507404
TAEE4,small_mid_cap_risco_medio,medio,"sem sinais fortes de distress, blue chip proxy ou crescimento de alto risco",1T2026 (TTM),1T2026,1T2026,1T2026,11682000000.0,10079000000.0,1.9235,2.29,0.574,0.33520000000000005,8.57,1.69,2.87,0.07,0.197,0.12539999999999998,23270000000.0,1090000000.0,10600000000.0,1080000000.0,1690000000.0,13620000000.0,23270000000.0,7960000000.0,2685370000.0,2562320000.0,1568360000.0,4680000000.0,-1001440000.0,,1.0,1.2662060301507538,2.29,1040000000.0,982890000.0,0.058104162215507404
TTEN3,small_mid_cap_risco_medio,medio,"sem sinais fortes de distress, blue chip proxy ou crescimento de alto risco",4T2025 (TTM),1T2026,1T2026,1T2026,4660000000.0,1905000000.0,1.7882,1.36,0.032799999999999996,0.0492,9.82,1.71,0.49,0.06,0.1721,0.0716,14650000000.0,2390000000.0,2430000000.0,2310000000.0,7330000000.0,2540000000.0,14650000000.0,4780000000.0,504670000.0,2624110000.0,701450000.0,17130000000.0,375050000.0,,1.0,0.3985355648535565,1.36,4210000000.0,3500000000.0,0.20285714285714285
UGPA3,small_mid_cap_risco_medio,medio,"sem sinais fortes de distress, blue chip proxy ou crescimento de alto risco",4T2025 (TTM),1T2026,1T2026,1T2026,21832000000.0,14806000000.0,1.7833,1.62,0.035,0.0179,13.06,2.05,0.23,0.05,0.1434,0.1322,50220000000.0,3860000000.0,16450000000.0,4670000000.0,12480000000.0,19230000000.0,50220000000.0,18510000000.0,6000000000.0,10390000000.0,3092350000.0,145790000000.0,-1385840000.0,,1.0,0.7998919502971367,1.62,36750000000.0,33330000000.0,0.1026102610261026
UNIP3,small_mid_cap_risco_medio,medio,"sem sinais fortes de distress, blue chip proxy ou crescimento de alto risco",4T2025 (TTM),1T2026,1T2026,1T2026,3526000000.0,2452000000.0,2.9824,2.29,0.1543,0.09369999999999999,13.83,3.75,1.31,0.07,0.2652,0.1376,7460000000.0,652930000.0,3310000000.0,296250000.0,1210000000.0,4360000000.0,7460000000.0,1890000000.0,622820000.0,1287190000.0,368640000.0,5010000000.0,-144840000.0,,1.0,1.2973544973544973,2.29,1240000000.0,1370000000.0,-0.0948905109489051
UNIP5,small_mid_cap_risco_medio,medio,"sem sinais fortes de distress, blue chip proxy ou crescimento de alto risco",4T2025 (TTM),1T2026,1T2026,1T2026,3526000000.0,2452000000.0,2.9824,2.29,0.1543,0.09369999999999999,13.84,3.75,1.31,0.07,0.2652,0.1376,7460000000.0,652930000.0,3310000000.0,296250000.0,1210000000.0,4360000000.0,7460000000.0,1890000000.0,622820000.0,1287190000.0,368640000.0,5010000000.0,-144840000.0,,1.0,1.2973544973544973,2.29,1240000000.0,1370000000.0,-0.0948905109489051
UNIP6,small_mid_cap_risco_medio,medio,"sem sinais fortes de distress, blue chip proxy ou crescimento de alto risco",4T2025 (TTM),1T2026,1T2026,1T2026,3526000000.0,2452000000.0,2.9824,2.29,0.1543,0.09369999999999999,14.45,3.91,1.37,0.07,0.2652,0.1376,7460000000.0,652930000.0,3310000000.0,296250000.0,1210000000.0,4360000000.0,7460000000.0,1890000000.0,622820000.0,1287190000.0,368640000.0,5010000000.0,-144840000.0,,1.0,1.2973544973544973,2.29,1240000000.0,1370000000.0,-0.0948905109489051
VBBR3,small_mid_cap_risco_medio,medio,"sem sinais fortes de distress, blue chip proxy ou crescimento de alto risco",1T2026 (TTM),1T2026,1T2026,1T2026,23259000000.0,18152000000.0,1.9406,1.77,0.0309,0.015600000000000001,13.26,1.83,0.21,0.05,0.1369,0.1115,64220000000.0,5110000000.0,21200000000.0,2060000000.0,14600000000.0,27780000000.0,64220000000.0,21840000000.0,5930000000.0,9960000000.0,2988000000.0,192220000000.0,-2284000000.0,,1.0,0.8311355311355312,1.77,48000000000.0,44860000000.0,0.06999554168524291
VITT3,small_mid_cap_risco_medio,medio,"sem sinais fortes de distress, blue chip proxy ou crescimento de alto risco",4T2025 (TTM),1T2026,1T2026,1T2026,180000000.0,132000000.0,0.44320000000000004,2.65,0.0884,0.08070000000000001,9.62,0.99,0.78,0.07,0.1027,0.0835,966540000.0,49980000.0,65420000.0,183400000.0,265380000.0,68670000.0,966540000.0,632500000.0,63210000.0,236820000.0,61640000.0,804070000.0,1957000.0,,1.0,0.20869565217391303,2.65,121910000.0,137820000.0,-0.11544042954578437
VIVA3,small_mid_cap_risco_medio,medio,"sem sinais fortes de distress, blue chip proxy ou crescimento de alto risco",1T2026 (TTM),1T2026,1T2026,1T2026,513000000.0,204000000.0,0.543,4.14,0.23570000000000002,0.19,9.19,1.78,1.75,0.13,0.1935,0.17149999999999999,4680000000.0,308470000.0,298390000.0,214780000.0,715120000.0,930260000.0,4680000000.0,3030000000.0,727270000.0,2157790000.0,586270000.0,3081030000.0,-154580000.0,,1.0,0.06732673267326733,4.14,595510000.0,537080000.0,0.10879198629626874
VLID3,small_mid_cap_risco_medio,medio,"sem sinais fortes de distress, blue chip proxy ou crescimento de alto risco",1T2026 (TTM),1T2026,1T2026,1T2026,740000000.0,71000000.0,0.7640000000000001,2.32,0.1359,0.12480000000000001,5.91,0.84,0.72,0.08,0.1454,0.12400000000000001,3040000000.0,607370000.0,560570000.0,180380000.0,616780000.0,700680000.0,3040000000.0,1720000000.0,272920000.0,699350000.0,250800000.0,2008870000.0,-37200000.0,,1.0,0.04127906976744186,2.32,446980000.0,500670000.0,-0.10723630335350631
VSTE3,small_mid_cap_risco_medio,medio,"sem sinais fortes de distress, blue chip proxy ou crescimento de alto risco",4T2025 (TTM),1T2026,1T2026,1T2026,314000000.0,273000000.0,0.5538000000000001,1.53,0.0694,0.0198,15.5,0.36,0.31,0.01,0.0229,0.0564,1690000000.0,32340000.000000004,214250000.0,97960000.0,358460000.0,257519999.99999997,1690000000.0,1080000000.0,110880000.0,814220000.0,51100000.0,1269650000.0,-59790000.0,,1.0,0.25277777777777777,1.53,304570000.0,265870000.0,0.14555986008199495
VTRU3,small_mid_cap_risco_medio,medio,"sem sinais fortes de distress, blue chip proxy ou crescimento de alto risco",1T2026 (TTM),1T2026,1T2026,1T2026,2455000000.0,1465000000.0,0.8644,2.13,0.2771,0.4863,0.46,0.14,0.22,0.16,0.2995,0.1095,6940000000.0,36450000.0,2230000000.0,226390000.0,660880000.0,2560000000.0,6940000000.0,3720000000.0,635220000.0,1519440000.0,1114870000.0,2292440000.0,-336550000.0,,1.0,0.39381720430107525,2.13,579240000.0,545890000.0,0.0610928941728186
VULC3,small_mid_cap_risco_medio,medio,"sem sinais fortes de distress, blue chip proxy ou crescimento de alto risco",1T2026 (TTM),1T2026,1T2026,1T2026,1021000000.0,672000000.0,0.6055,2.95,0.20920000000000002,0.3134,4.18,1.9,1.31,0.28,0.4546,0.2159,4019999999.9999995,349670000.0,590960000.0,430760000.0,849590000.0,667830000.0,4019999999.9999995,2510000000.0,760550000.0,1492660000.0,1139380000.0,3636870000.0,70908000.0,,1.0,0.26772908366533865,2.95,776380000.0,701190000.0,0.10723199132902628
WIZC3,small_mid_cap_risco_medio,medio,"sem sinais fortes de distress, blue chip proxy ou crescimento de alto risco",4T2025 (TTM),1T2026,1T2026,1T2026,388000000.0,-17000000.0,0.8779000000000001,1.11,0.4485,0.2659,6.86,1.98,1.0,0.15,0.2837,0.32560000000000006,2420000000.0,48620000.0,280900000.0,84220000.0,601570000.0,521520000.0,2420000000.0,1290000000.0,594090000.0,824280000.0,356310000.0,1346000000.0,-52400000.0,,1.0,-0.01317829457364341,1.11,302610000.0,339580000.0,-0.10886978031686201
WLMM4,small_mid_cap_risco_medio,medio,"sem sinais fortes de distress, blue chip proxy ou crescimento de alto risco",4T2025 (TTM),1T2026,1T2026,1T2026,450000000.0,255000000.0,1.0421,1.85,0.0571,0.0288,8.92,0.99,0.26,0.05,0.1121,0.13369999999999999,1580000000.0,126830000.0,223360000.0,215090000.0,491240000.0,296320000.0,1580000000.0,789100000.0,161260000.0,382720000.0,78990000.0,2939280000.0,-45970000.0,,1.0,0.32315295906729186,1.85,607230000.0,679840000.0,-0.10680454224523417
YDUQ3,small_mid_cap_risco_medio,medio,"sem sinais fortes de distress, blue chip proxy ou crescimento de alto risco",1T2026 (TTM),1T2026,1T2026,1T2026,5369000000.0,4288000000.0,2.2155,1.47,0.1484,0.0211,22.1,0.87,0.47,0.01,0.038700000000000005,0.09789999999999999,9710000000.0,571420000.0,4520000000.0,846820000.0,1610000000.0,5080000000.0,9710000000.0,3020000000.0,822580000.0,3343990000.0,116990000.0,5540000000.0,-740180000.0,,1.0,1.4198675496688742,1.47,1510000000.0,1490000000.0,0.01342281879194629
AALR3,turnaround_alto_risco,alto,lucro líquido TTM negativo; ROE negativo; P/L negativo,3T2025 (TTM),3T2025,3T2025,3T2025,486000000.0,363000000.0,1.754,1.01,0.0947,-0.0521,-6.55,0.46,0.39,-0.02,-0.0588,0.0426,3030000000.0,123750000.0,250040000.0,236910000.0,806670000.0,1120000000.0,3030000000.0,1100000000.0,117330000.0,332600000.0,-64610000.0,1239650000.0,-161410000.0,,1.0,0.33,1.01,328350000.0,317880000.0,0.032936957342393436
AERI3,turnaround_alto_risco,alto,lucro líquido TTM negativo; patrimônio líquido negativo; P/L negativo,1T2026 (TTM),1T2026,1T2026,1T2026,1881000000.0,1862000000.0,-2.8113,0.69,-0.838,-1.4732,-0.15,-0.17,0.22,-0.62,1.1294,-0.37950000000000006,1520000000.0,16350000.000000002,1750000000.0,133759999.99999999,588820000.0,1760000000.0,1520000000.0,-836460000.0,-537360000.0,-39300000.0,-944670000.0,641250000.0,-330600000.0,,1.0,-2.2260478683977714,0.69,105610000.0,210370000.0,-0.4979797499643486
AGRO3,turnaround_alto_risco,alto,lucro líquido TTM negativo; ROE negativo; P/L negativo,1T2026 (TTM),1T2026,1T2026,1T2026,1443000000.0,1349000000.0,0.8722,1.47,-0.0176,-0.0154,-129.46,0.94,2.0,-0.0,-0.0072,-0.0047,3820000000.0,73250000.0,856320000.0,587550000.0,814330000.0,965840000.0,3820000000.0,2040000000.0,-16860000.0,121900000.0,-14790000.0,958290000.0,-43080000.0,,1.0,0.6612745098039216,1.47,165000000.0,224930000.0,-0.2664384475170053
AGXY3,turnaround_alto_risco,alto,patrimônio líquido negativo; ROE negativo,3T2025 (TTM),3T2025,3T2025,3T2025,1004000000.0,947000000.0,-12.9453,2.19,0.39740000000000003,0.6973,0.03,-0.2,0.02,0.55,-6.5849,0.34130000000000005,2220000000.0,57510000.0,801110000.0,203610000.0,419350000.0,1980000000.0,2220000000.0,-185460000.0,695080000.0,-19910000.0,1217320000.0,1751240000.0,514110000.0,,1.0,-5.106222366008843,2.19,440750000.0,1220000000.0,-0.6387295081967213
ALPK3,turnaround_alto_risco,alto,endividamento geral acima de 300%,1T2026 (TTM),1T2026,1T2026,1T2026,1519000000.0,1257000000.0,5.964700000000001,0.86,0.139,0.010400000000000001,67.57,2.53,0.47,0.01,0.054400000000000004,0.121,2600000000.0,261920000.00000003,1260000000.0,255550000.0,601020000.0,1620000000.0,2600000000.0,372870000.0,269880000.0,588260000.0,20290000.0,1942080000.0,-235620000.0,,1.0,3.3711481213291496,0.86,494600000.0,425110000.0,0.16346357413375356
AMAR3,turnaround_alto_risco,alto,lucro líquido TTM negativo; ROE negativo; P/L negativo; endividamento geral acima de 300%,1T2026 (TTM),1T2026,1T2026,1T2026,818000000.0,807000000.0,14.8223,0.56,0.1001,-0.1075,-2.37,2.91,0.25,-0.08,-1.2278,0.0886,2040000000.0,10630000.0,467950000.0,350600000.0,1010000000.0,895810000.0,2040000000.0,128820000.0,147370000.0,773890000.0,-158150000.0,1471770000.0,-300970000.0,,1.0,6.264555193292967,0.56,286450000.0,297900000.0,-0.038435716683450805
AMBP3,turnaround_alto_risco,alto,lucro líquido TTM negativo; ROE negativo; P/L negativo; endividamento geral acima de 300%,2T2025 (TTM),2T2025,2T2025,2T2025,11041000000.0,6356000000.0,6.8092999999999995,2.72,0.1736,-0.0044,-2.76,0.26,0.04,-0.0,-0.0146,0.1067,16920000000.000002,2620000000.0,10100000000.0,943300000.0,2690000000.0,12060000000.0,16920000000.000002,2170000000.0,1257160000.0,1320960000.0,-185330000.0,7240000000.0,-1362800000.0,,1.0,2.9290322580645163,2.72,1770000000.0,1410000000.0,0.25531914893617014
AMER3,turnaround_alto_risco,alto,lucro líquido TTM negativo; ROE negativo; P/L negativo,1T2026 (TTM),1T2026,1T2026,1T2026,2069000000.0,1519000000.0,2.6494,1.56,0.027000000000000003,-0.0078000000000000005,-9.63,0.23,0.08,-0.01,-0.0235,0.028300000000000002,16170000000.000002,388000000.0,2069999999.9999998,0.0,4970000000.0,6760000000.0,16170000000.000002,4430000000.0,359000000.0,3622000000.0,-104000000.0,13310000000.0,-117000000.0,,1.0,0.3428893905191874,1.56,3090000000.0,2570000000.0,0.2023346303501945
AMOB3,turnaround_alto_risco,alto,lucro líquido TTM negativo; ROE negativo; endividamento geral acima de 300%,1T2026 (TTM),1T2026,1T2026,1T2026,3003000000.0,2515000000.0,3.2992000000000004,1.4,0.016399999999999998,-0.023700000000000002,,,,-0.04,-0.1565,0.036000000000000004,8439999999.999999,381580000.0,2790000000.0,213730000.0,3380000000.0,3090000000.0,8439999999.999999,1960000000.0,212510000.0,1884360000.0,-307010000.0,12950000000.0,-569750000.0,,1.0,1.2831632653061225,1.4,3130000000.0,3000000000.0,0.043333333333333224
ARML3,turnaround_alto_risco,alto,endividamento geral acima de 300%,4T2025 (TTM),1T2026,1T2026,1T2026,2975000000.0,1820000000.0,3.0145999999999997,2.56,0.2238,0.0391,25.16,1.32,0.89,0.01,0.0555,0.1187,5630000000.0,161970000.0,2960000000.0,236910000.0,931360000.0,3340000000.0,5630000000.0,1360000000.0,447640000.0,611900000.0,74560000.0,1898900000.0,-398220000.0,,1.0,1.338235294117647,2.56,451060000.0,439920000.0,0.025322785961083838
ARND3,turnaround_alto_risco,alto,lucro líquido TTM negativo; ROE negativo; P/L negativo,3T2025 (TTM),3T2025,3T2025,3T2025,98000000.0,-3000000.0,1.1856,3.05,-5.2989999999999995,-5.125,-0.24,0.9,1.23,-1.5,-3.2752999999999997,-2.4651,293010000.0,12710000.0,98160000.0,0.0,59710000.0,99230000.0,293010000.0,134060000.0,-454010000.0,78850000.0,-439090000.0,85680000.0,-38850000.0,,1.0,-0.022378039683723705,3.05,34620000.0,14030000.0,1.467569493941554
ASAI3,turnaround_alto_risco,alto,endividamento geral acima de 300%,1T2026 (TTM),1T2026,1T2026,1T2026,16374000000.0,12008000000.0,7.0175,1.1,0.0516,0.009000000000000001,16.03,1.91,0.14,0.01,0.1189,0.1265,47200000000.0,4370000000.0,14620000000.0,1760000000.0,15790000000.0,25520000000.0,47200000000.0,5890000000.0,3989000000.0,13490000000.0,700000000.0,77400000000.0,-3469000000.0,,1.0,2.0387096774193547,1.1,18640000000.0,18550000000.0,0.004851752021563405
ATED3,turnaround_alto_risco,alto,lucro líquido TTM negativo; ROE negativo,1T2026 (TTM),1T2026,1T2026,1T2026,1000000.0,-2000000.0,0.1612,4.08,-0.1895,-0.22469999999999998,,,,-0.24,-0.2777,-0.2393,21130000.0,2700000.0,776000.0,467000.0,2160000.0,777000.0,21130000.0,18190000.0,-4259000.0,20310000.0,-5050000.0,22490000.0,-26000.0,,1.0,-0.10995052226498075,4.08,4920000.0,8900000.0,-0.44719101123595506
AURE3,turnaround_alto_risco,alto,lucro líquido TTM negativo; ROE negativo; P/L negativo,1T2026 (TTM),1T2026,1T2026,1T2026,23856000000.0,20284000000.0,2.6105,1.11,0.09240000000000001,-0.09119999999999999,-10.08,1.1,0.98,-0.03,-0.0925,0.028900000000000002,47380000000.0,2960000000.0,21730000000.0,2130000000.0,6670000000.0,27590000000.0,47380000000.0,13120000000.0,1231750000.0,1801920000.0,-1213470000.0,13300000000.0,-2291690000.0,,1.0,1.5460365853658538,1.11,3070000000.0,2950000000.0,0.04067796610169494
AVLL3,turnaround_alto_risco,alto,lucro líquido TTM negativo; patrimônio líquido negativo; P/L negativo,4T2025 (TTM),1T2026,1T2026,1T2026,751000000.0,564000000.0,-8.8457,0.92,0.22640000000000002,-0.1804,-1.03,-0.69,0.22,-0.08,0.6206,0.12119999999999999,1300000000.0,161190000.0,643810000.0,105670000.0,625280000.0,887820000.0,1300000000.0,-208460000.0,123020000.0,198280000.0,-115910000.0,571370000.0,-214700000.0,,1.0,-2.705555022546292,0.92,110470000.0,124050000.0,-0.10947198710197503
AZEV11,turnaround_alto_risco,alto,lucro líquido TTM negativo; ROE negativo; P/L negativo; endividamento geral acima de 300%,1T2026 (TTM),1T2026,1T2026,1T2026,243000000.0,203000000.0,10.813900000000002,0.55,-0.8375,-1.354,-0.06,0.32,0.08,-0.45,-5.3598,-0.3249,1330000000.0,39500000.0,27290000.0,215790000.0,686460000.0,531809999.99999994,1330000000.0,112660000.0,-373500000.0,68720000.0,-603816000.0,445960000.0,-150620000.0,,1.0,1.8018817681519617,0.55,148750000.0,52220000.0,1.8485254691689006
AZEV3,turnaround_alto_risco,alto,lucro líquido TTM negativo; ROE negativo; P/L negativo; endividamento geral acima de 300%,1T2026 (TTM),1T2026,1T2026,1T2026,243000000.0,203000000.0,10.813900000000002,0.55,-0.8375,-1.354,-0.2,1.05,0.27,-0.45,-5.3598,-0.3249,1330000000.0,39500000.0,27290000.0,215790000.0,686460000.0,531809999.99999994,1330000000.0,112660000.0,-373500000.0,68720000.0,-603816000.0,445960000.0,-150620000.0,,1.0,1.8018817681519617,0.55,148750000.0,52220000.0,1.8485254691689006
AZEV4,turnaround_alto_risco,alto,lucro líquido TTM negativo; ROE negativo; P/L negativo; endividamento geral acima de 300%,1T2026 (TTM),1T2026,1T2026,1T2026,243000000.0,203000000.0,10.813900000000002,0.55,-0.8375,-1.354,-0.15,0.79,0.2,-0.45,-5.3598,-0.3249,1330000000.0,39500000.0,27290000.0,215790000.0,686460000.0,531809999.99999994,1330000000.0,112660000.0,-373500000.0,68720000.0,-603816000.0,445960000.0,-150620000.0,,1.0,1.8018817681519617,0.55,148750000.0,52220000.0,1.8485254691689006
AZTE3,turnaround_alto_risco,alto,lucro líquido TTM negativo; ROE negativo,4T2025 (TTM),1T2026,1T2026,1T2026,2000000.0,0.0,0.0821,0.61,-2.7797000000000005,-3.4299,,,,-0.04,-0.039700000000000006,-0.030299999999999997,270080000.0,40000.0,88000.0,2060000.0,9710000.0,14820000.0,270080000.0,245540000.0,-6180000.0,2435000.0,-7795000.0,3536000.0,-2895000.0,,1.0,0.0,0.61,1110000.0,447000.0,1.4832214765100673
AZUL3,turnaround_alto_risco,alto,patrimônio líquido negativo; ROE negativo,1T2026 (TTM),1T2026,1T2026,1T2026,20642000000.0,18554000000.0,-9.2574,0.5,0.2209,0.2068,,,,0.14,-1.19,0.18350000000000002,31170000000.0,2089999999.9999998,17079999999.999998,3570000000.0,14480000000.0,20460000000.0,31170000000.0,-3770000000.0,4797370000.0,5097520000.0,4490000000.0,21720000000.0,-7820000000.0,,1.0,-4.9214854111405835,0.5,5470000000.0,5390000000.0,0.014842300556586308
BDLL3,turnaround_alto_risco,alto,lucro líquido TTM negativo; patrimônio líquido negativo; P/L negativo,4T2025 (TTM),1T2026,1T2026,1T2026,180000000.0,172000000.0,-2.6085000000000003,0.44,-0.5859000000000001,-0.43170000000000003,-0.54,-0.05,0.23,-0.05,0.0848,-0.07690000000000001,381560000.0,7520000.0,5610000.0,176400000.0,330150000.0,304070000.0,381560000.0,-252660000.0,-26040000.0,6580000.0,-15700000.0,49580000.0,-18340000.0,,1.0,-0.6807567481991609,0.44,5630000.0,13040000.0,-0.5682515337423313
BDLL4,turnaround_alto_risco,alto,lucro líquido TTM negativo; patrimônio líquido negativo; P/L negativo,4T2025 (TTM),1T2026,1T2026,1T2026,180000000.0,172000000.0,-2.6085000000000003,0.44,-0.5859000000000001,-0.43170000000000003,-0.47,-0.04,0.2,-0.05,0.0848,-0.07690000000000001,381560000.0,7520000.0,5610000.0,176400000.0,330150000.0,304070000.0,381560000.0,-252660000.0,-26040000.0,6580000.0,-15700000.0,49580000.0,-18340000.0,,1.0,-0.6807567481991609,0.44,5630000.0,13040000.0,-0.5682515337423313
BEEF3,turnaround_alto_risco,alto,endividamento geral acima de 300%,1T2026 (TTM),1T2026,1T2026,1T2026,24572000000.0,13690000000.0,21.437399999999997,1.32,0.0699,0.013200000000000002,6.11,3.45,0.08,0.02,0.4044,0.1812,41640000000.0,7980000000.0,21060000000.0,3510000000.0,18400000000.0,21390000000.0,41640000000.0,1860000000.0,3990860000.0,9750000000.0,750550000.0,57040000000.0,-3407070000.0,,1.0,7.360215053763441,1.32,13410000000.0,11200000000.0,0.19732142857142865
BHIA3,turnaround_alto_risco,alto,lucro líquido TTM negativo; ROE negativo; P/L negativo; endividamento geral acima de 300%,4T2025 (TTM),1T2026,1T2026,1T2026,6298000000.0,4759000000.0,11.126199999999999,0.66,0.046,-0.1023,-0.94,1.01,0.1,-0.09,-1.0771,0.0567,33330000000.0,1210000000.0,1970000000.0,5410000000.0,21350000000.0,10200000000.0,33330000000.0,1780000000.0,1306000000.0,9050000000.0,-3641000000.0,29630000000.0,-3937000000.0,,1.0,2.6735955056179774,0.66,7420000000.0,6990000000.0,0.06151645207439205
BIED3,turnaround_alto_risco,alto,lucro líquido TTM negativo; ROE negativo; endividamento geral acima de 300%,1T2026 (TTM),1T2026,1T2026,1T2026,50000000.0,31000000.0,6.3988000000000005,0.24,-0.0346,-0.13570000000000002,,,,-0.11,-0.8404,-0.031000000000000003,398750000.0,18550000.0,37690000.0,12310000.0,213480000.0,131380000.0,398750000.0,53890000.0,-11560000.0,159740000.0,-45300000.0,333750000.0,-33280000.0,,1.0,0.5752458712191502,0.24,85560000.0,84550000.0,0.011945594322885889
BIOM11,turnaround_alto_risco,alto,ROE negativo; P/L negativo,4T2025 (TTM),1T2026,1T2026,1T2026,96000000.0,53000000.0,0.6720999999999999,2.23,-0.0195,-0.0248,-67.54,1.44,1.68,-0.01,-0.0213,-0.0126,573450000.0,20610000.0,35790000.0,54110000.0,181840000.0,68250000.0,573450000.0,323360000.0,24440000.0,117510000.0,24050000.0,322150000.0,-1230000.0,,1.0,0.16390400791687285,2.23,92450000.0,39590000.0,1.3351856529426622
BIOM3,turnaround_alto_risco,alto,ROE negativo; P/L negativo,4T2025 (TTM),1T2026,1T2026,1T2026,96000000.0,53000000.0,0.6720999999999999,2.23,-0.0195,-0.0248,-155.54,3.32,3.86,-0.01,-0.0213,-0.0126,573450000.0,20610000.0,35790000.0,54110000.0,181840000.0,68250000.0,573450000.0,323360000.0,24440000.0,117510000.0,24050000.0,322150000.0,-1230000.0,,1.0,0.16390400791687285,2.23,92450000.0,39590000.0,1.3351856529426622
BOBR4,turnaround_alto_risco,alto,lucro líquido TTM negativo; patrimônio líquido negativo; P/L negativo,3T2025 (TTM),3T2025,3T2025,3T2025,175000000.0,153000000.0,-1.5658,0.71,0.1306,-0.9358,-0.2,-0.2,0.18,-1.77,1.0006,0.3837,895720000.0,20930000.0,0.0,175710000.0,625160000.0,1850000000.0,895720000.0,-1580000000.0,227630000.0,670030000.0,-1578885000.0,1692710000.0,-1788940000.0,,1.0,-0.09683544303797469,0.71,473300000.0,408160000.0,0.159594276754214
BRBI11,turnaround_alto_risco,alto,endividamento geral acima de 300%,4T2025 (TTM),1T2026,1T2026,1T2026,16094000000.0,-1212000000.0,21.319200000000002,1.04,0.0659,0.5474,34.71,7.76,19.0,0.01,0.22350000000000003,0.128,18170000000.0,118420000.0,0.0,16700000000.0,17380000000.0,0.0,18170000000.0,793430000.0,9610000.0,326130000.0,169650000.0,326130000.0,212560000.0,157450000.0,1.0,-1.527544963008709,1.04,88200000.0,81870000.0,0.07731769879076578
BRKM3,turnaround_alto_risco,alto,lucro líquido TTM negativo; patrimônio líquido negativo; P/L negativo,4T2025 (TTM),1T2026,1T2026,1T2026,51821000000.0,39984000000.0,-5.961799999999999,0.76,-0.0256,-0.155,-0.66,-0.4,0.09,-0.13,0.6642,-0.0318,75870000000.0,4680000000.0,41420000000.0,7640000000.0,36910000000.0,55190000000.0,75870000000.0,-16230000000.0,-2298000000.0,1346000000.0,-10344000000.0,66750000000.0,-415000000.0,,1.0,-2.4635859519408503,0.76,15490000000.0,19460000000.0,-0.2040082219938335
BRKM5,turnaround_alto_risco,alto,lucro líquido TTM negativo; patrimônio líquido negativo; P/L negativo,4T2025 (TTM),1T2026,1T2026,1T2026,51821000000.0,39984000000.0,-5.961799999999999,0.76,-0.0256,-0.155,-0.76,-0.46,0.11,-0.13,0.6642,-0.0318,75870000000.0,4680000000.0,41420000000.0,7640000000.0,36910000000.0,55190000000.0,75870000000.0,-16230000000.0,-2298000000.0,1346000000.0,-10344000000.0,66750000000.0,-415000000.0,,1.0,-2.4635859519408503,0.76,15490000000.0,19460000000.0,-0.2040082219938335
BRKM6,turnaround_alto_risco,alto,lucro líquido TTM negativo; patrimônio líquido negativo; P/L negativo,4T2025 (TTM),1T2026,1T2026,1T2026,51821000000.0,39984000000.0,-5.961799999999999,0.76,-0.0256,-0.155,-0.65,-0.4,0.09,-0.13,0.6642,-0.0318,75870000000.0,4680000000.0,41420000000.0,7640000000.0,36910000000.0,55190000000.0,75870000000.0,-16230000000.0,-2298000000.0,1346000000.0,-10344000000.0,66750000000.0,-415000000.0,,1.0,-2.4635859519408503,0.76,15490000000.0,19460000000.0,-0.2040082219938335
CASH3,turnaround_alto_risco,alto,lucro líquido TTM negativo; ROE negativo; P/L negativo,4T2025 (TTM),1T2026,1T2026,1T2026,0.0,-90000000.0,0.22350000000000003,2.05,0.0424,-0.0025,-669.15,0.81,0.9,-0.0,-0.0022,0.0366,550040000.0,64319999.99999999,0.0,0.0,73730000.0,18200000.0,550040000.0,458110000.0,-42540000.0,-42540000.0,-71250000.0,478060000.0,5113000.0,,1.0,-0.19645936565453712,2.05,118250000.0,100400000.0,0.1777888446215139
CEDO3,turnaround_alto_risco,alto,lucro líquido TTM negativo; ROE negativo; P/L negativo,4T2025 (TTM),1T2026,4T2025,4T2025,406000000.0,388000000.0,2.3217,1.06,0.047400000000000005,-0.0394,-3.01,0.35,0.12,-0.04,-0.1177,0.0464,929840000.0,2660000.0,234400000.0,171960000.0,345110000.0,299560000.0,922340000.0,277670000.0,57976000.0,221220000.0,-32930000.0,890470000.0,-98640000.0,,0.9919340961885916,1.3973421687614795,1.06,187130000.0,244630000.0,-0.23504884928259007
CEDO4,turnaround_alto_risco,alto,lucro líquido TTM negativo; ROE negativo; P/L negativo,4T2025 (TTM),1T2026,4T2025,4T2025,406000000.0,388000000.0,2.3217,1.06,0.047400000000000005,-0.0394,-2.29,0.27,0.09,-0.04,-0.1177,0.0464,929840000.0,2660000.0,234400000.0,171960000.0,345110000.0,299560000.0,922340000.0,277670000.0,57976000.0,221220000.0,-32930000.0,890470000.0,-98640000.0,,0.9919340961885916,1.3973421687614795,1.06,187130000.0,244630000.0,-0.23504884928259007
CEEB3,turnaround_alto_risco,alto,endividamento geral acima de 300%,1T2026 (TTM),1T2026,1T2026,1T2026,21614000000.0,18635000000.0,3.6534,1.39,0.22190000000000001,0.09789999999999999,6.77,1.56,0.66,0.05,0.23079999999999998,0.128,37740000000.0,2830000000.0,19540000000.0,2069999999.9999998,6180000000.0,23450000000.0,37740000000.0,8109999999.999999,4247000000.0,5440000000.0,1872000000.0,19120000000.0,-2228000000.0,,1.0,2.2977805178791617,1.39,4940000000.0,4200000000.0,0.17619047619047623
CGAS3,turnaround_alto_risco,alto,endividamento geral acima de 300%,4T2025 (TTM),1T2026,4T2025,4T2025,9540000000.0,8279000000.0,9.369,1.53,0.2579,0.1334,10.8,11.58,1.44,0.1,1.0728,0.22920000000000001,16500000000.0,2470000000.0,8170000000.0,1370000000.0,2680000000.0,10830000000.0,14950000000.0,1440000000.0,2989320000.0,3499850000.0,1546480000.0,11590000000.0,-896700000.0,,0.906060606060606,5.749305555555556,1.53,2650000000.0,3970000000.0,-0.33249370277078083
CGAS5,turnaround_alto_risco,alto,endividamento geral acima de 300%,4T2025 (TTM),1T2026,4T2025,4T2025,9540000000.0,8279000000.0,9.369,1.53,0.2579,0.1334,11.25,12.07,1.5,0.1,1.0728,0.22920000000000001,16500000000.0,2470000000.0,8170000000.0,1370000000.0,2680000000.0,10830000000.0,14950000000.0,1440000000.0,2989320000.0,3499850000.0,1546480000.0,11590000000.0,-896700000.0,,0.906060606060606,5.749305555555556,1.53,2650000000.0,3970000000.0,-0.33249370277078083
CMIN3,turnaround_alto_risco,alto,endividamento geral acima de 300%,4T2025 (TTM),1T2026,1T2026,1T2026,9186000000.0,296000000.0,4.0224,1.2,0.278,0.09150000000000001,15.84,3.91,1.45,0.05,0.2468,0.22280000000000003,34189999999.999996,8840000000.0,7610000000.0,1520000000.0,9230000000.0,17870000000.0,34189999999.999996,7080000000.0,4806310000.0,8170000000.0,2224170000.0,17820000000.0,-1873450000.0,,1.0,0.04180790960451977,1.2,3700000000.0,3910000000.0,-0.053708439897698246
CRPG3,turnaround_alto_risco,alto,lucro líquido TTM negativo; ROE negativo; P/L negativo,4T2025 (TTM),1T2026,4T2025,4T2025,6000000.0,-189000000.0,0.6271,2.07,-0.09720000000000001,-0.084,-8.54,1.0,0.72,-0.07,-0.1169,-0.15109999999999998,944270000.0,18230000.0,409000.0,5690000.0,286750000.0,70760000.0,927580000.0,570070000.0,-77070000.0,-13850000.0,-66630000.0,793100000.0,8550000.0,,0.982324970612219,-0.33153823214692935,2.07,223800000.0,191920000.0,0.16611087953313874
CRPG5,turnaround_alto_risco,alto,lucro líquido TTM negativo; ROE negativo; P/L negativo,4T2025 (TTM),1T2026,4T2025,4T2025,6000000.0,-189000000.0,0.6271,2.07,-0.09720000000000001,-0.084,-7.83,0.92,0.66,-0.07,-0.1169,-0.15109999999999998,944270000.0,18230000.0,409000.0,5690000.0,286750000.0,70760000.0,927580000.0,570070000.0,-77070000.0,-13850000.0,-66630000.0,793100000.0,8550000.0,,0.982324970612219,-0.33153823214692935,2.07,223800000.0,191920000.0,0.16611087953313874
CRPG6,turnaround_alto_risco,alto,lucro líquido TTM negativo; ROE negativo; P/L negativo,4T2025 (TTM),1T2026,4T2025,4T2025,6000000.0,-189000000.0,0.6271,2.07,-0.09720000000000001,-0.084,-7.41,0.87,0.62,-0.07,-0.1169,-0.15109999999999998,944270000.0,18230000.0,409000.0,5690000.0,286750000.0,70760000.0,927580000.0,570070000.0,-77070000.0,-13850000.0,-66630000.0,793100000.0,8550000.0,,0.982324970612219,-0.33153823214692935,2.07,223800000.0,191920000.0,0.16611087953313874
CSAN3,turnaround_alto_risco,alto,lucro líquido TTM negativo; ROE negativo; P/L negativo; endividamento geral acima de 300%,4T2025 (TTM),1T2026,1T2026,1T2026,70639000000.0,43396000000.0,3.3573000000000004,2.58,-0.0049,-0.2522,-2.19,4.02,0.53,-0.08,-0.3287,-0.0019,126990000000.0,17460000000.0,60190000000.0,4690000000.0,17070000000.0,80530000000.0,126990000000.0,29390000000.0,990000000.0,13390000000.0,-9602530000.0,39780000000.0,-8250000000.0,,1.0,1.4765566519224227,2.58,9030000000.0,9660000000.0,-0.06521739130434778
CSNA3,turnaround_alto_risco,alto,lucro líquido TTM negativo; ROE negativo; P/L negativo; endividamento geral acima de 300%,4T2025 (TTM),1T2026,1T2026,1T2026,52924000000.0,37860000000.0,5.3913,1.08,0.1075,-0.0336,-4.19,0.65,0.19,-0.01,-0.09570000000000001,0.061500000000000006,99130000000.0,12820000000.0,41360000000.0,9080000000.0,26480000000.0,56750000000.0,99130000000.0,15890000000.0,4217190000.0,12390000000.0,-1330170000.0,44480000000.0,-5950000000.0,,1.0,2.3826305852737573,1.08,10600000000.0,10910000000.0,-0.028414298808432603
CTAX3,turnaround_alto_risco,alto,lucro líquido TTM negativo; ROE negativo; P/L negativo; endividamento geral acima de 300%,4T2025 (TTM),1T2026,1T2026,1T2026,247000000.0,145000000.0,9.2331,0.45,0.0922,-0.07690000000000001,-0.58,0.17,0.04,-0.03,-0.29910000000000003,0.039,1130000000.0,25030000.0,135260000.0,55040000.0,445630000.0,592390000.0,1130000000.0,90400000.0,63860000.0,105410000.0,-16940000.0,458350000.0,-76400000.0,,1.0,1.6039823008849559,0.45,120720000.0,109460000.0,0.10286862780924544
CTKA4,turnaround_alto_risco,alto,endividamento geral acima de 300%,4T2025 (TTM),1T2026,1T2026,1T2026,409000000.0,343000000.0,8.6954,1.98,0.1222,0.0929,3.96,3.68,0.37,0.1,0.9279999999999999,0.1618,736780000.0,9890000.0,373890000.0,29640000.0,248930000.0,407770000.0,736780000.0,80080000.0,82820000.0,345870000.0,61540000.0,763460000.0,-11706000.0,,1.0,4.283216783216783,1.98,157520000.0,153090000.0,0.028937226468090715
CTSA3,turnaround_alto_risco,alto,lucro líquido TTM negativo; ROE negativo; P/L negativo; endividamento geral acima de 300%,4T2024 (TTM),4T2024,4T2024,4T2024,239000000.0,235000000.0,5.7922,0.28,-3.0416000000000003,-4.5389,-0.09,0.14,0.39,-0.24,-1.6281999999999999,-0.1857,673130000.0,3360000.0,33229999.999999996,205970000.0,401890000.0,172140000.0,673130000.0,99100000.0,-108140000.0,-51160000.0,-161360000.0,35550000.0,-57260000.0,,1.0,2.371342078708375,0.28,12840000.0,43040000.0,-0.7016728624535316
CTSA4,turnaround_alto_risco,alto,lucro líquido TTM negativo; ROE negativo; P/L negativo; endividamento geral acima de 300%,4T2024 (TTM),4T2024,4T2024,4T2024,239000000.0,235000000.0,5.7922,0.28,-3.0416000000000003,-4.5389,-0.06,0.09,0.25,-0.24,-1.6281999999999999,-0.1857,673130000.0,3360000.0,33229999.999999996,205970000.0,401890000.0,172140000.0,673130000.0,99100000.0,-108140000.0,-51160000.0,-161360000.0,35550000.0,-57260000.0,,1.0,2.371342078708375,0.28,12840000.0,43040000.0,-0.7016728624535316
CVCB3,turnaround_alto_risco,alto,lucro líquido TTM negativo; ROE negativo; P/L negativo; endividamento geral acima de 300%,1T2026 (TTM),1T2026,1T2026,1T2026,415000000.0,233000000.0,8.2705,0.73,0.1749,-0.071,-8.99,2.37,0.64,-0.03,-0.2634,0.0934,3720000000.0,167330000.0,311060000.0,104780000.0,2810000000.0,512289999.99999994,3720000000.0,401730000.0,260750000.0,1455600000.0,-105810000.0,1490530000.0,-310510000.0,,1.0,0.5799915366041869,0.73,377780000.0,375740000.0,0.005429286208548545
DASA3,turnaround_alto_risco,alto,lucro líquido TTM negativo; ROE negativo; P/L negativo,4T2025 (TTM),1T2026,1T2026,1T2026,7634000000.0,4969000000.0,1.6928999999999998,1.24,0.0808,-0.10160000000000001,-3.18,0.53,0.33,-0.06,-0.16469999999999999,0.0601,17810000000.0,1700000000.0,5740000000.0,1200000000.0,3850000000.0,7060000000.0,17810000000.0,6900000000.0,853420000.0,3003560000.0,-1023152000.0,9570000000.0,-1340700000.0,,1.0,0.7201449275362319,1.24,2220000000.0,3830000000.0,-0.42036553524804177
DIRR3,turnaround_alto_risco,alto,endividamento geral acima de 300%,4T2025 (TTM),1T2026,1T2026,1T2026,2847000000.0,664000000.0,4.6977,3.78,0.231,0.2256,8.77,3.61,1.59,0.07,0.42229999999999995,0.0925,13920000000.0,1660000000.0,2870000000.0,293930000.0,1570000000.0,9800000000.0,13920000000.0,2550000000.0,1099320000.0,1850550000.0,1055760000.0,4620000000.0,58622000.0,,1.0,0.2603921568627451,3.78,1160000000.0,894130000.0,0.2973504971312897
DOTZ3,turnaround_alto_risco,alto,patrimônio líquido negativo; P/L negativo,4T2025 (TTM),1T2026,1T2026,1T2026,111000000.0,73000000.0,-1.8359,0.35,0.1464,-0.002,-97.43,-0.19,0.2,-0.0,0.0019,0.2727,335020000.0,26860000.0,71450000.0,38140000.0,273540000.0,301500000.0,335020000.0,-240020000.0,55290000.0,196790000.0,7340000.0,276570000.0,-31020000.0,,1.0,-0.30414132155653695,0.35,90200000.0,44400000.0,1.0315315315315314
DTCY3,turnaround_alto_risco,alto,lucro líquido TTM negativo; ROE negativo; P/L negativo; endividamento geral acima de 300%,4T2025 (TTM),1T2026,4T2025,4T2025,0.0,-5000000.0,6.3512,1.53,-0.0221,-0.0381,-96.98,30.9,3.7,-0.04,-0.3186,-0.0721,5780000.0,3710000.0,0.0,0.0,3850000.0,2190000.0,6990000.0,951000.0,-176000.0,2365000.0,-303000.0,7950000.0,-127000.0,,1.2093425605536332,-5.257623554153523,1.53,1240000.0,1560000.0,-0.20512820512820518
ECOR3,turnaround_alto_risco,alto,endividamento geral acima de 300%,1T2026 (TTM),1T2026,1T2026,1T2026,27068000000.0,22456000000.0,7.625800000000001,1.69,0.3592,0.0608,7.24,1.29,0.45,0.02,0.1627,0.1286,37540000000.0,2370000000.0,25400000000.0,1670000000.0,3390000000.0,29800000000.0,37540000000.0,4350000000.0,4184510000.0,4331680000.0,708000000.0,11650000000.0,-2628020000.0,,1.0,5.162298850574713,1.69,2560000000.0,2430000000.0,0.053497942386831365
EKTR4,turnaround_alto_risco,alto,endividamento geral acima de 300%,1T2026 (TTM),1T2026,1T2026,1T2026,9519000000.0,7920000000.0,5.4466,1.53,0.21660000000000001,0.0874,8.27,3.25,0.72,0.06,0.3934,0.1813,14670000000.0,1580000000.0,8070000000.0,1450000000.0,3190000000.0,9200000000.0,14670000000.0,2270000000.0,2217000000.0,2712000000.0,895000000.0,10230000000.0,-1030000000.0,,1.0,3.488986784140969,1.53,2620000000.0,2360000000.0,0.11016949152542366
EMAE4,turnaround_alto_risco,alto,lucro líquido TTM negativo; ROE negativo; P/L negativo,4T2025 (TTM),4T2025,4T2025,4T2025,0.0,-380000000.0,1.9757,3.07,-0.7232999999999999,-0.2797,-10.98,2.46,3.07,-0.08,-0.2242,-0.25329999999999997,1770000000.0,379910000.0,0.0,0.0,161120000.0,1010000000.0,1770000000.0,594820000.0,-344890000.0,226370000.0,-133350000.0,476860000.0,121900000.0,,1.0,-0.6388487273460879,3.07,14590000.0,59270000.0,-0.7538383667960182
ENJU3,turnaround_alto_risco,alto,lucro líquido TTM negativo; ROE negativo; P/L negativo,1T2026 (TTM),1T2026,1T2026,1T2026,0.0,-209000000.0,0.5189,2.42,-0.1272,-0.0661,-12.83,0.76,0.85,-0.04,-0.0592,-0.15990000000000001,451040000.0,190050000.0,0.0,0.0,138550000.0,15550000.0,451040000.0,296940000.0,-33830000.0,146050000.0,-17590000.0,265880000.0,16720000.0,,1.0,-0.703845894793561,2.42,62590000.0,60680000.0,0.03147659854976936
EPAR3,turnaround_alto_risco,alto,ROE negativo; P/L negativo,4T2025 (TTM),1T2026,1T2026,1T2026,0.0,-4000000.0,0.3947,2.83,-1.3572,-1.1982,-15.72,1.14,18.83,-0.05,-0.0727,-0.0636,56070000.0,8310000.000000001,0.0,0.0,1330000.0,12630000.0,56070000.0,42100000.0,-290000.0,2399000.0,460000.0,2429000.0,1597000.0,,1.0,-0.09501187648456057,2.83,570000.0,532000.0,0.0714285714285714
FHER3,turnaround_alto_risco,alto,lucro líquido TTM negativo; patrimônio líquido negativo; P/L negativo,1T2026 (TTM),1T2026,1T2026,1T2026,49000000.0,-101000000.0,-2.3994,0.68,-0.0737,-0.058499999999999996,-1.02,-0.17,0.06,-0.12,0.16649999999999998,-0.2177,1830000000.0,149300000.0,7130000.0,41870000.0,1420000000.0,1710000000.0,1830000000.0,-1300000000.0,-273850000.0,-36410000.0,-217200000.0,3711540000.0,107350000.0,,1.0,0.07769230769230769,0.68,525340000.00000006,905150000.0,-0.4196100093907087
FICT3,turnaround_alto_risco,alto,lucro líquido TTM negativo; ROE negativo; P/L negativo,3T2025 (TTM),3T2025,3T2025,3T2025,5000000.0,5000000.0,0.111,0.4,-0.09150000000000001,-0.0242,-0.45,0.18,43.44,-0.37,-0.414,-0.04820000000000001,90010000.0,52720000.0,4650000.0,5670000.0,25540000.0,5190000.0,90010000.0,59290000.0,-3587000.0,631000.0,-25157000.0,31090000.0,-469000.0,,1.0,0.08433125316242199,0.4,31090000.0,0.0,
GFSA3,turnaround_alto_risco,alto,lucro líquido TTM negativo; ROE negativo; P/L negativo,4T2025 (TTM),1T2026,1T2026,1T2026,1603000000.0,1395000000.0,2.076,1.25,-0.669,-0.8787,-0.08,0.03,0.07,-0.12,-0.3543,-0.0943,4730000000.0,27410000.0,692110000.0,930250000.0,1930000000.0,1270000000.0,4730000000.0,1530000000.0,-403330000.0,-183700000.0,-611320000.0,492780000.0,-191820000.0,,1.0,0.9117647058823529,1.25,99930000.0,226840000.0,-0.559469229412802
GSHP3,turnaround_alto_risco,alto,lucro líquido TTM negativo; patrimônio líquido negativo; ROE negativo,4T2025 (TTM),1T2026,1T2026,1T2026,2227000000.0,2148000000.0,-1.7,0.59,-0.061,0.11660000000000001,0.26,-0.0,0.03,0.02,-0.0147,-0.012,1020000000.0,48590000.0,2069999999.9999998,64120000.00000001,267640000.0,2550000000.0,1020000000.0,-1790000000.0,-364750000.0,129760000.0,-384810000.0,192090000.0,-29790000.0,,1.0,-1.2,0.59,46700000.0,44800000.0,0.04241071428571419
HAGA3,turnaround_alto_risco,alto,patrimônio líquido negativo; ROE negativo,1T2026 (TTM),1T2026,1T2026,1T2026,20000000.0,-31000000.0,-2.5173,2.61,-0.0304,0.0892,12.0,-0.65,1.07,0.04,-0.0542,-0.0449,73080000.0,8680.0,0.0,20750000.0,25160000.0,96090000.0,73080000.0,-48160000.0,-892380.0,7120970.0,2602790.0,29260000.0,3912500.0,,1.0,0.643687707641196,2.61,8130000.000000001,7350000.0,0.106122448979592
HAGA4,turnaround_alto_risco,alto,patrimônio líquido negativo; ROE negativo,1T2026 (TTM),1T2026,1T2026,1T2026,20000000.0,-31000000.0,-2.5173,2.61,-0.0304,0.0892,7.25,-0.39,0.65,0.04,-0.0542,-0.0449,73080000.0,8680.0,0.0,20750000.0,25160000.0,96090000.0,73080000.0,-48160000.0,-892380.0,7120970.0,2602790.0,29260000.0,3912500.0,,1.0,0.643687707641196,2.61,8130000.000000001,7350000.0,0.106122448979592
HAPV3,turnaround_alto_risco,alto,lucro líquido TTM negativo; ROE negativo; P/L negativo,4T2025 (TTM),1T2026,1T2026,1T2026,12868000000.0,5004000000.0,0.49820000000000003,1.9,0.0461,-0.0045000000000000005,-35.81,0.11,0.16,-0.0,-0.0029,0.0227,72990000000.0,919130000.0,12030000000.0,1270000000.0,6260000000.0,18580000000.0,72990000000.0,48150000000.0,1319890000.0,3671450000.0,-428760000.0,18062760000.0,-1797980000.0,,1.0,0.10392523364485981,1.9,1390000000.0,1470000000.0,-0.05442176870748294
HBSA3,turnaround_alto_risco,alto,lucro líquido TTM negativo; ROE negativo; P/L negativo,1T2026 (TTM),1T2026,1T2026,1T2026,3716000000.0,2798000000.0,2.0852,3.59,0.2457,-0.08990000000000001,-22.44,2.22,2.02,-0.03,-0.09880000000000001,0.10560000000000001,6190000000.0,885050000.0,3600000000.0,114480000.0,431450000.0,3750000000.0,6190000000.0,2009999999.9999998,541800000.0,836920000.0,-198260000.0,2204650000.0,-418530000.0,,1.0,1.392039800995025,3.59,445160000.0,481600000.0,-0.07566445182724257
HETA4,turnaround_alto_risco,alto,patrimônio líquido negativo; ROE negativo,4T2025 (TTM),1T2026,4T2025,4T2025,324000000.0,324000000.0,-1.036,0.61,0.8763,0.1997,2.7,-0.01,0.54,0.07,-0.0027,0.32939999999999997,10390000.0,14000.0,324580000.0,0.0,5490000.0,356990000.0,12590000.0,-349890000.0,4139000.0,4715000.0,943000.0,4715000.0,-2864000.0,,1.2117420596727622,-0.9260053159564434,0.61,1320000.0,1210000.0,0.09090909090909083
HOOT4,turnaround_alto_risco,alto,patrimônio líquido negativo; ROE negativo,4T2025 (TTM),1T2026,1T2026,1T2026,0.0,-46000000.0,-9.4128,0.85,0.39780000000000004,0.1585,3.88,-3.98,0.61,0.06,-0.4866,0.1624,550310000.0,53990000.0,0.0,0.0,150630000.0,446040000.0,550310000.0,-46360000.0,81330000.0,131530000.0,34800000.0,202480000.0,-27450000.0,,1.0,0.9922346850733391,0.85,68430000.0,59040000.0,0.15904471544715437
IFCM3,turnaround_alto_risco,alto,lucro líquido TTM negativo; ROE negativo; P/L negativo; endividamento geral acima de 300%,1T2026 (TTM),1T2026,1T2026,1T2026,503000000.0,381000000.0,7.3603,1.67,-0.18359999999999999,-0.5378000000000001,-0.25,0.58,0.13,-0.28,-2.3417,-0.12869999999999998,1270000000.0,25410000.0,418360000.0,84720000.0,374070000.0,746960000.0,1270000000.0,152310000.0,-121760000.0,135210000.0,-356670000.0,663150000.0,-227740000.0,,1.0,2.5014772503446916,1.67,137820000.0,184620000.0,-0.25349366265843354
INEP3,turnaround_alto_risco,alto,lucro líquido TTM negativo; patrimônio líquido negativo; P/L negativo,4T2025 (TTM),4T2025,4T2025,4T2025,828000000.0,811000000.0,-1.2182,0.15,-60.7901,-78.9213,-0.22,-0.07,17.07,-1.38,0.30219999999999997,-1.278,370590000.0,85000.0,485670000.0,343080000.0,905730000.0,1160000000.0,370590000.0,-1700000000.0,-395310000.0,-3002000.0,-513220000.0,6503000.0,-118340000.0,,1.0,-0.47705882352941176,0.15,2700000.0,1560000.0,0.7307692307692308
INEP4,turnaround_alto_risco,alto,lucro líquido TTM negativo; patrimônio líquido negativo; P/L negativo,4T2025 (TTM),4T2025,4T2025,4T2025,828000000.0,811000000.0,-1.2182,0.15,-60.7901,-78.9213,-0.22,-0.07,16.98,-1.38,0.30219999999999997,-1.278,370590000.0,85000.0,485670000.0,343080000.0,905730000.0,1160000000.0,370590000.0,-1700000000.0,-395310000.0,-3002000.0,-513220000.0,6503000.0,-118340000.0,,1.0,-0.47705882352941176,0.15,2700000.0,1560000.0,0.7307692307692308
JFEN3,turnaround_alto_risco,alto,lucro líquido TTM negativo; patrimônio líquido negativo; P/L negativo,1T2026 (TTM),1T2026,1T2026,1T2026,346000000.0,343000000.0,-3.5377,1.06,-1.4386,-1.5297,-0.05,-0.03,0.07,-0.26,0.6607,-0.26230000000000003,716830000.0,2220000.0,216650000.0,129460000.00000001,576230000.0,423080000.0,716830000.0,-282480000.0,-175510000.0,-48640000.0,-186630000.0,122000000.0,-33790000.0,,1.0,-1.214245256301331,1.06,25550000.0,78530000.0,-0.6746466318604355
JSLG3,turnaround_alto_risco,alto,lucro líquido TTM negativo; ROE negativo; P/L negativo; endividamento geral acima de 300%,1T2026 (TTM),1T2026,1T2026,1T2026,7851000000.0,6416000000.0,9.3095,1.28,0.0969,-0.0098,-19.42,1.58,0.19,-0.01,-0.0815,0.0911,12020000000.0,309870000.0,6390000000.0,1460000000.0,3390000000.0,7470000000.0,12020000000.0,1170000000.0,938840000.0,1497980000.0,-95100000.0,9680000000.0,-1180750000.0,,1.0,5.483760683760684,1.28,2370000000.0,2320000000.0,0.02155172413793105
LIGT3,turnaround_alto_risco,alto,endividamento geral acima de 300%,4T2025 (TTM),1T2026,1T2026,1T2026,9712000000.0,7965000000.0,3.7229,0.82,0.08460000000000001,0.014199999999999999,8.44,0.33,0.12,0.01,0.0391,0.059699999999999996,28280000000.0,154750000.0,8529999999.999999,1310000000.0,7120000000.0,12840000000.0,28280000000.0,8320000000.0,806350000.0,2144980000.0,2613860000.0,15310000000.0,-719130000.0,,1.0,0.9573317307692307,0.82,4050000000.0,3740000000.0,0.08288770053475947
LJQQ3,turnaround_alto_risco,alto,lucro líquido TTM negativo; ROE negativo; P/L negativo; endividamento geral acima de 300%,1T2026 (TTM),1T2026,1T2026,1T2026,568000000.0,-205000000.0,10.368699999999999,1.86,-0.0014000000000000002,-0.0684,-1.52,0.85,0.1,-0.05,-0.5607,-0.0014000000000000002,3900000000.0,608060000.0,447830000.0,120630000.0,1580000000.0,1980000000.0,3900000000.0,343320000.0,-4045000.0,893770000.0,-192510000.0,2813320000.0,-177390000.0,,1.0,-0.5971105674006758,1.86,696430000.0,671520000.0,0.03709494877293307
LUPA3,turnaround_alto_risco,alto,lucro líquido TTM negativo; ROE negativo; P/L negativo; endividamento geral acima de 300%,4T2025 (TTM),1T2026,1T2026,1T2026,178000000.0,177000000.0,5.4469,1.25,-1.1887,-1.156,-0.62,0.5,0.72,-0.13,-0.8081,-0.1365,452920000.0,253000.0,120450000.0,65610000.0,199170000.0,240320000.0,452920000.0,13430000.0,-96860000.0,5948000.0,-106900000.0,37920000.0,-13048000.000000002,,1.0,13.179448994787789,1.25,4280000.0,18420000.0,-0.7676438653637351
LWSA3,turnaround_alto_risco,alto,lucro líquido TTM negativo; ROE negativo; P/L negativo,1T2026 (TTM),1T2026,1T2026,1T2026,71000000.0,-303000000.0,0.5022,1.14,-0.1723,-0.1456,-9.62,0.9,1.4,-0.06,-0.0934,-0.0834,3520000000.0,288600000.0,52420000.0,18780000.0,1090000000.0,87710000.0,3520000000.0,2340000000.0,-258930000.0,732130000.0,-218740000.0,1502420000.0,-28440000.0,,1.0,-0.1294871794871795,1.14,362780000.0,348890000.0,0.03981197512109835
MBRF3,turnaround_alto_risco,alto,endividamento geral acima de 300%,1T2026 (TTM),1T2026,1T2026,1T2026,72746000000.0,49658000000.0,8.8593,1.08,0.0346,0.0019,61.76,2.06,0.14,0.0,0.022000000000000002,0.0611,138370000000.0,3900000000.0,58450000000.0,14290000000.0,48330000000.0,76000000000.0,138370000000.0,14030000000.0,5660000000.0,20200000000.0,308830000.0,163830000000.0,-6360000000.0,,1.0,3.539415538132573,1.08,39450000000.0,39480000000.0,-0.0007598784194529085
MEAL3,turnaround_alto_risco,alto,lucro líquido TTM negativo; ROE negativo; P/L negativo,4T2025 (TTM),1T2026,1T2026,1T2026,469000000.0,298000000.0,1.6823,1.01,0.0235,-0.0861,-1.79,0.31,0.15,-0.06,-0.17329999999999998,0.0203,2049999999.9999998,204900000.0,182330000.0,215770000.0,547090000.0,730250000.0,2049999999.9999998,769500000.0,32360000.0,565510000.0,-184440000.0,1699190000.0,-187360000.0,,1.0,0.387264457439896,1.01,356560000.0,387030000.0,-0.0787277472030592
MGEL4,turnaround_alto_risco,alto,endividamento geral acima de 300%,4T2025 (TTM),1T2026,1T2026,1T2026,534000000.0,496000000.0,14.3607,0.46,0.0697,0.0451,0.72,0.74,0.03,0.07,1.0224,0.121,749110000.0,10180000.0,2790000.0,521260000.0,675910000.0,22330000.0,749110000.0,50870000.0,80010000.0,140300000.0,42740000.0,1084510000.0,-36410000.0,,1.0,9.750344014153725,0.46,265920000.00000003,245010000.0,0.08534345536916876
MNDL3,turnaround_alto_risco,alto,lucro líquido TTM negativo; ROE negativo; P/L negativo; endividamento geral acima de 300%,4T2025 (TTM),1T2026,1T2026,1T2026,542000000.0,537000000.0,9.8084,0.77,0.1406,-0.0216,-8.22,1.34,0.18,-0.02,-0.1634,0.10710000000000001,1420000000.0,2930000.0,47440000.0,453140000.0,761800000.0,546640000.0,1420000000.0,115330000.0,141670000.0,392350000.0,-37335000.0,1009750000.0,-184630000.0,,1.0,4.656203936529957,0.77,238390000.0,247490000.0,-0.03676916239039962
MOTV3,turnaround_alto_risco,alto,endividamento geral acima de 300%,1T2026 (TTM),1T2026,1T2026,1T2026,40125000000.0,30817000000.0,3.446,1.64,0.376,0.1931,8.86,1.82,1.6,0.05,0.2157,0.1095,74160000000.0,5160000000.0,37920000000.0,2210000000.0,15730000000.0,41750000000.0,74160000000.0,16680000000.0,7007910000.0,8830000000.0,3598090000.0,18640000000.0,-2890560000.0,,1.0,1.8475419664268584,1.64,4380000000.0,3900000000.0,0.12307692307692308
MOVI3,turnaround_alto_risco,alto,endividamento geral acima de 300%,1T2026 (TTM),1T2026,1T2026,1T2026,23649000000.0,18168000000.0,10.7567,0.85,0.22899999999999998,0.0245,10.54,1.26,0.26,0.01,0.1192,0.134,35940000000.0,1830000000.0,20220000000.0,3430000000.0,10700000000.0,22180000000.0,35940000000.0,3060000000.0,3408250000.0,4950000000.0,364410000.0,14890000000.0,-3007100000.0,,1.0,5.9372549019607845,0.85,3780000000.0,3570000000.0,0.05882352941176472
MRVE3,turnaround_alto_risco,alto,lucro líquido TTM negativo; ROE negativo; P/L negativo; endividamento geral acima de 300%,4T2025 (TTM),1T2026,1T2026,1T2026,8602000000.0,8346000000.0,3.6350000000000002,2.03,0.0184,-0.0956,-4.25,0.83,0.41,-0.04,-0.16940000000000002,0.0073,28250000000.0,450310000.0,7240000000.0,1140000000.0,7410000000.0,14950000000.0,28250000000.0,5880000000.0,512920000.0,3362160000.0,-756290000.0,11410000000.0,-1041440000.0,,1.0,1.4193877551020408,2.03,2780000000.0,2280000000.0,0.2192982456140351
MWET4,turnaround_alto_risco,alto,lucro líquido TTM negativo; patrimônio líquido negativo; ROE negativo; P/L negativo,4T2025 (TTM),1T2026,1T2026,1T2026,111000000.0,107000000.0,48.7457,0.76,-0.0209,-0.14470000000000002,-1.81,7.84,0.26,-0.09,-4.3261,-0.014199999999999999,329530000.0,282000.0,29480000.0,80280000.0,178870000.0,158390000.0,329530000.0,-7730000.0,-12883000.0,24940000.0,-32680000.0,191210000.0,-39960000.0,,1.0,-13.842173350582147,0.76,45130000.0,51480000.0,-0.12334887334887334
NATU3,turnaround_alto_risco,alto,lucro líquido TTM negativo; ROE negativo; P/L negativo,4T2025 (TTM),1T2026,1T2026,1T2026,6175000000.0,3504000000.0,1.2326000000000001,1.65,0.0649,-0.0818,-8.04,1.11,0.66,-0.06,-0.1376,0.06620000000000001,27910000000.0,1710000000.0,5880000000.0,483860000.0,7040000000.0,8410000000.0,27910000000.0,12460000000.0,1086550000.0,14350000000.0,-2330390000.0,21730000000.0,-1175980000.0,,1.0,0.2812199036918138,1.65,4750000000.0,4840000000.0,-0.018595041322314043
NEXP3,turnaround_alto_risco,alto,lucro líquido TTM negativo; patrimônio líquido negativo; P/L negativo,1T2026 (TTM),1T2026,1T2026,1T2026,0.0,0.0,-1.0964,0.03,-29.782,-41.6433,-0.22,-0.06,9.15,-3.03,0.2926,-2.9293,10200000.0,248000.0,304000.0,0.0,96970000.0,18960000.0,10200000.0,-105740000.0,-22130000.0,743000.0,-30950000.0,743000.0,-9913000.0,,1.0,-0.0,0.03,168000.0,84000.0,1.0
NGRD3,turnaround_alto_risco,alto,lucro líquido TTM negativo; ROE negativo; P/L negativo,4T2025 (TTM),1T2026,1T2026,1T2026,15000000.0,-115000000.0,0.2758,3.3,-0.0347,-0.0199,-50.43,0.61,1.0,-0.01,-0.0122,-0.023100000000000002,553980000.0,81460000.0,8250000.0,6410000.0,62850000.0,56580000.0,553980000.0,434560000.0,-15530000.0,157200000.0,-9820000.0,267390000.0,9660000.0,,1.0,-0.2646354933726068,3.3,65870000.00000001,69320000.0,-0.049769186381996455
NORD3,turnaround_alto_risco,alto,lucro líquido TTM negativo; patrimônio líquido negativo; P/L negativo,4T2025 (TTM),1T2026,4T2025,4T2025,29000000.0,29000000.0,-1.1028,0.0,-1.848,-4.4601,-1.09,-0.07,4.88,-0.65,0.0665,-0.2713,19190000.0,11000.0,0.0,29880000.0,197780000.0,5180000.0,18910000.0,-184050000.0,-5066000.0,2489000.0,-12236000.0,2681000.0,-7170000.0,,0.9854090672225118,-0.1575658788372725,0.0,695000.0,668000.0,0.04041916167664672
OIBR3,turnaround_alto_risco,alto,lucro líquido TTM negativo; patrimônio líquido negativo; P/L negativo,2T2025 (TTM),2T2025,2T2025,2T2025,11188000000.0,10039000000.0,-2.2108000000000003,0.59,-0.4303,-0.6513,-0.02,-0.0,0.02,-0.1,0.1191,-0.08410000000000001,18730000000.0,850890000.0,11180000000.0,7930000.0,7780000000.0,26420000000.0,18730000000.0,-15470000000.0,-915790000.0,-1890580000.0,-1842820000.0,230549999.99999976,-1672990000.0,,1.0,-0.6489334195216548,0.59,713560000.0,858340000.0,-0.16867441806277228
OIBR4,turnaround_alto_risco,alto,lucro líquido TTM negativo; patrimônio líquido negativo; P/L negativo,2T2025 (TTM),2T2025,2T2025,2T2025,11188000000.0,10039000000.0,-2.2108000000000003,0.59,-0.4303,-0.6513,-0.21,-0.03,0.14,-0.1,0.1191,-0.08410000000000001,18730000000.0,850890000.0,11180000000.0,7930000.0,7780000000.0,26420000000.0,18730000000.0,-15470000000.0,-915790000.0,-1890580000.0,-1842820000.0,230549999.99999976,-1672990000.0,,1.0,-0.6489334195216548,0.59,713560000.0,858340000.0,-0.16867441806277228
ONCO3,turnaround_alto_risco,alto,lucro líquido TTM negativo; ROE negativo; P/L negativo; endividamento geral acima de 300%,4T2025 (TTM),1T2026,1T2026,1T2026,3798000000.0,3288000000.0,5.7116999999999996,0.56,-0.3468,-0.6396000000000001,-0.48,1.94,0.3,-0.51,-3.4555000000000002,-0.3604,6700000000.0,112100000.0,457990000.0,3380000000.0,5350000000.0,728520000.0,6700000000.0,621000000.0,-2328550000.0,1573510000.0,-3980950000.0,5400000000.0,-1181180000.0,,1.0,5.294685990338165,0.56,1160000000.0,1490000000.0,-0.2214765100671141
OSXB3,turnaround_alto_risco,alto,lucro líquido TTM negativo; patrimônio líquido negativo; P/L negativo,1T2026 (TTM),1T2026,1T2026,1T2026,7933000000.0,7921000000.0,-1.0683,0.05,-2.8449,-13.886,-0.01,-0.0,0.06,-1.66,0.113,-0.3507,696700000.0,11410000.0,7930000000.0,0.0,625770000.0,10270000000.0,696700000.0,-10200000000.0,-236249999.99999997,83040000.0,-1153170000.0,83040000.0,-993160000.0,,1.0,-0.7765686274509804,0.05,21820000.0,21430000.0,0.018198786747550155
PCAR3,turnaround_alto_risco,alto,lucro líquido TTM negativo; ROE negativo; P/L negativo; endividamento geral acima de 300%,4T2025 (TTM),1T2026,1T2026,1T2026,4102000000.0,2088000000.0,7.6751000000000005,0.83,-0.0088,-0.0426,-1.58,0.62,0.07,-0.04,-0.3837,-0.013000000000000001,16160000000.0,943000000.0,0.0,4170000000.0,8840000000.0,6640000000.0,16160000000.0,682000000.0,-580000000.0,5290000000.0,-2087000000.0,18720000000.0,-1327000000.0,,1.0,3.06158357771261,0.83,4370000000.0,4770000000.0,-0.0838574423480084
PDGR3,turnaround_alto_risco,alto,lucro líquido TTM negativo; patrimônio líquido negativo; P/L negativo,4T2025 (TTM),1T2026,1T2026,1T2026,383000000.0,351000000.0,-1.1292,0.27,-1.0092,-2.6641000000000004,-0.02,-0.0,0.04,-0.78,0.1009,-1.0943,416690000.0,10440000.0,266430000.0,114910000.0,889590000.0,2850000000.0,416690000.0,-3330000000.0,-136350000.0,44370000.0,-246480000.0,107030000.0,-84230000.0,,1.0,-0.10540540540540541,0.27,6870000.0,25110000.0,-0.7264038231780168
PDTC3,turnaround_alto_risco,alto,endividamento geral acima de 300%,1T2026 (TTM),1T2026,1T2026,1T2026,279000000.0,192000000.0,3.4788,3.23,-3.9906,-2.9076,14.27,0.78,-41.5,0.01,0.0546,0.0213,643550000.0,64849999.99999999,259950000.0,19360000.0,119160000.0,380700000.0,643550000.0,143690000.0,10768000.0,2690000.0,7840000.0,-2700000.0,-3090000.0,,1.0,1.3362098963045446,3.23,69310000.0,72300000.0,-0.041355463347164556
PLAS3,turnaround_alto_risco,alto,lucro líquido TTM negativo; patrimônio líquido negativo; P/L negativo,4T2025 (TTM),1T2026,1T2026,1T2026,265000000.0,239000000.0,-1.8409,0.27,-0.0211,-0.177,-0.24,-0.07,0.04,-0.34,0.282,-0.0518,605130000.0,26290000.0,74930000.0,185100000.0,693760000.0,689010000.0,605130000.0,-777640000.0,-14532000.0,156030000.0,-200480000.0,1160980000.0,-185950000.0,,1.0,-0.30734015739931075,0.27,273550000.0,264670000.00000003,0.03355121472021749
PMAM3,turnaround_alto_risco,alto,lucro líquido TTM negativo; patrimônio líquido negativo; P/L negativo,4T2025 (TTM),4T2025,4T2025,4T2025,5698000000.0,5657000000.0,-1.16,0.03,-1.0656,-2.3674,-0.05,-0.01,0.13,-1.1,0.1765,-1.1653,1210000000.0,2170000.0,44200000.0,5650000000.0,7390000000.0,1360000000.0,1210000000.0,-7540000000.0,-599360000.0,-233190000.0,-1331490000.0,562430000.0,-722890000.0,,1.0,-0.7502652519893899,0.03,115980000.0,130080000.00000001,-0.1083948339483396
PTBL3,turnaround_alto_risco,alto,lucro líquido TTM negativo; patrimônio líquido negativo; P/L negativo,1T2026 (TTM),1T2026,1T2026,1T2026,1370000000.0,1169000000.0,-98.35879999999999,0.96,0.05,-0.1149,-0.92,-7.44,0.11,-0.08,8.126000000000001,0.0472,3600000000.0,185240000.0,1160000000.0,214840000.0,1320000000.0,2310000000.0,3600000000.0,-36940000.0,130640000.0,907200000.0,-300130000.0,2611470000.0,-369670000.0,,1.0,-31.645912290200325,0.96,597180000.0,591860000.0,0.008988612171797472
RAIZ4,turnaround_alto_risco,alto,lucro líquido TTM negativo; patrimônio líquido negativo; P/L negativo,4T2025 (TTM),4T2025,4T2025,4T2025,78127000000.0,61340000000.0,-105.80120000000001,1.69,-0.0316,-0.09609999999999999,-0.21,-2.92,0.02,-0.19,19.7043,-0.0796,118690000000.0,16790000000.0,67660000000.0,10470000000.0,36060000000.0,83760000000.0,118690000000.0,-1130000000.0,-7347110000.0,9210000000.0,-22310000000.0,232250000000.0,-9130000000.0,,1.0,-54.283185840707965,1.69,60390000000.0,66870000000.00001,-0.09690444145356669
RAPT3,turnaround_alto_risco,alto,lucro líquido TTM negativo; ROE negativo; P/L negativo; endividamento geral acima de 300%,1T2026 (TTM),1T2026,1T2026,1T2026,9540000000.0,5430000000.0,3.1126,2.07,0.0671,-0.0086,-5.88,0.55,0.13,-0.01,-0.0245,0.065,18940000000.0,3490000000.0,7880000000.0,1660000000.0,5050000000.0,9290000000.0,18940000000.0,4610000000.0,874580000.0,3269550000.0,-112710000.0,13030000000.0,-892080000.0,,1.0,1.177874186550976,2.07,3080000000.0,3190000000.0,-0.03448275862068961
RAPT4,turnaround_alto_risco,alto,lucro líquido TTM negativo; ROE negativo; P/L negativo; endividamento geral acima de 300%,1T2026 (TTM),1T2026,1T2026,1T2026,9540000000.0,5430000000.0,3.1126,2.07,0.0671,-0.0086,-5.99,0.56,0.13,-0.01,-0.0245,0.065,18940000000.0,3490000000.0,7880000000.0,1660000000.0,5050000000.0,9290000000.0,18940000000.0,4610000000.0,874580000.0,3269550000.0,-112710000.0,13030000000.0,-892080000.0,,1.0,1.177874186550976,2.07,3080000000.0,3190000000.0,-0.03448275862068961
RCSL3,turnaround_alto_risco,alto,lucro líquido TTM negativo; patrimônio líquido negativo; P/L negativo,4T2025 (TTM),1T2026,1T2026,1T2026,0.0,-1000000.0,-2.4243,0.63,-6.583500000000001,-10.771400000000002,-5.25,-3.93,56.57,-0.52,0.7395999999999999,-0.3319,33590000.0,4000.0,0.0,0.0,8820000.0,38670000.0,33590000.0,-13900000.0,-9984000.0,-50000.0,-17570000.0,604000.0,-7580000.0,,1.0,0.07194244604316546,0.63,0.0,971000.0,-1.0
RCSL4,turnaround_alto_risco,alto,lucro líquido TTM negativo; patrimônio líquido negativo; P/L negativo,4T2025 (TTM),1T2026,1T2026,1T2026,0.0,-1000000.0,-2.4243,0.63,-6.583500000000001,-10.771400000000002,-7.05,-5.28,75.97,-0.52,0.7395999999999999,-0.3319,33590000.0,4000.0,0.0,0.0,8820000.0,38670000.0,33590000.0,-13900000.0,-9984000.0,-50000.0,-17570000.0,604000.0,-7580000.0,,1.0,0.07194244604316546,0.63,0.0,971000.0,-1.0
RDOR3,turnaround_alto_risco,alto,endividamento geral acima de 300%,1T2026 (TTM),1T2026,1T2026,1T2026,48516000000.0,7254000000.0,3.9146,2.86,0.1834,0.08380000000000001,17.25,4.03,1.39,0.04,0.21420000000000003,0.1569,109770000000.0,5410000000.0,47030000000.0,1490000000.0,19130000000.0,68310000000.0,109770000000.0,22340000000.0,10470000000.0,12680000000.0,4790000000.0,57100000000.0,-4469390000.0,,1.0,0.3247090420769919,2.86,14340000000.0,12970000000.0,0.10562837316885121
REDE3,turnaround_alto_risco,alto,endividamento geral acima de 300%,4T2025 (TTM),1T2026,1T2026,1T2026,19049000000.0,16220000000.0,3.9545,1.56,0.1923,0.08650000000000001,13.3,2.59,0.83,0.05,0.2527,0.1307,35510000000.0,187870000.0,18820000000.0,1580000000.0,5470000000.0,23330000000.0,35510000000.0,6710000000.0,3668950000.0,5020000000.0,1500570000.0,19820000000.0,-1850990000.0,,1.0,2.4172876304023845,1.56,4980000000.0,4550000000.0,0.09450549450549461
RNEW3,turnaround_alto_risco,alto,lucro líquido TTM negativo; ROE negativo; P/L negativo,4T2025 (TTM),1T2026,1T2026,1T2026,737000000.0,665000000.0,1.5412000000000001,0.84,-0.0042,-0.315,-2.46,0.34,0.78,-0.05,-0.1363,-0.0008,3050000000.0,42540000.0,686540000.0,50400000.0,359520000.0,1530000000.0,3050000000.0,1150000000.0,6011000.0,-42460000.0,-141602000.0,544660000.0,-145190000.0,,1.0,0.5782608695652174,0.84,113790000.0,84090000.0,0.3531930074919729
RNEW4,turnaround_alto_risco,alto,lucro líquido TTM negativo; ROE negativo; P/L negativo,4T2025 (TTM),1T2026,1T2026,1T2026,737000000.0,665000000.0,1.5412000000000001,0.84,-0.0042,-0.315,-2.37,0.32,0.75,-0.05,-0.1363,-0.0008,3050000000.0,42540000.0,686540000.0,50400000.0,359520000.0,1530000000.0,3050000000.0,1150000000.0,6011000.0,-42460000.0,-141602000.0,544660000.0,-145190000.0,,1.0,0.5782608695652174,0.84,113790000.0,84090000.0,0.3531930074919729
RPMG3,turnaround_alto_risco,alto,lucro líquido TTM negativo; patrimônio líquido negativo; P/L negativo,2T2025 (TTM),2T2025,2T2025,2T2025,0.0,-54000000.0,-2.3836000000000004,0.76,-0.2096,-0.19190000000000002,-0.09,-0.02,0.02,-0.16,0.2231,-0.18539999999999998,10290000000.0,53240000.0,0.0,0.0,12950000000.0,4780000000.0,10290000000.0,-7440000000.0,-1811370000.0,-1246740000.0,-1658560000.0,8650000000.0,152600000.0,,1.0,0.007258064516129033,0.76,2410000000.0,1360000000.0,0.7720588235294117
RSID3,turnaround_alto_risco,alto,patrimônio líquido negativo; ROE negativo,4T2024 (TTM),4T2024,4T2024,4T2024,389000000.0,359000000.0,-1.6044,0.67,0.4557,0.5875,0.38,-0.04,0.22,0.19,-0.1135,0.1589,458070000.0,2170000.0,327790000.0,61250000.0,277620000.0,938300000.0,458070000.0,-757850000.0,66689000.0,25940000.0,85990000.0,146360000.0,16569999.99999997,,1.0,-0.473708517516659,0.67,77820000.0,15790000.0,3.9284357188093733
SCAR3,turnaround_alto_risco,alto,lucro líquido TTM negativo; ROE negativo; P/L negativo,4T2025 (TTM),1T2026,1T2026,1T2026,1025000000.0,425000000.0,1.8345,1.78,0.2619,-0.1616,-13.46,0.81,2.89,-0.02,-0.0452,0.0323,2820000000.0,1600000.0,747030000.0,120960000.0,365700000.0,1430000000.0,2820000000.0,1030000000.0,52760000.0,133510000.0,-84510000.0,284410000.0,-119450000.0,,1.0,0.41262135922330095,1.78,45890000.0,61310000.0,-0.2515087261458163
SEQL3,turnaround_alto_risco,alto,lucro líquido TTM negativo; patrimônio líquido negativo; P/L negativo,3T2025 (TTM),3T2025,3T2025,3T2025,826000000.0,815000000.0,-2.0225999999999997,0.17,-1.1036,-1.3422,-1.17,-1.31,1.24,-1.11,1.1373,-0.9893000000000001,794320000.0,10740000.0,294480000.0,532000000.0,825520000.0,745590000.0,794320000.0,-776790000.0,-725720000.0,-6940000.0,-882780000.0,658180000.0,-127630000.0,,1.0,-1.0491896136664993,0.17,152390000.0,216570000.0,-0.29634760123747517
SHOW3,turnaround_alto_risco,alto,lucro líquido TTM negativo; ROE negativo; P/L negativo,4T2025 (TTM),1T2026,1T2026,1T2026,49000000.0,-23000000.0,2.2416,1.3,-0.1229,-0.3007,-0.57,0.29,0.17,-0.16,-0.5219,-0.1085,316920000.0,62430000.0,7860000.0,27100000.0,123260000.0,92770000.0,316920000.0,100900000.0,-16827000.0,53590000.0,-46495000.0,190980000.0,-30680000.0,,1.0,-0.22794846382556988,1.3,33159999.999999996,22950000.0,0.4448801742919388
SIMH3,turnaround_alto_risco,alto,P/L negativo; endividamento geral acima de 300%,1T2026 (TTM),1T2026,1T2026,1T2026,60399000000.0,45052000000.0,11.4997,1.3,0.1852,0.0007000000000000001,-60.9,1.24,0.12,0.0,0.0040999999999999995,0.1235,89150000000.0,3530000000.0,51850000000.0,8550000000.000001,23540000000.0,58480000000.0,89150000000.0,7130000000.0,8170000000.0,11620000000.0,29590000.0,44080000000.0,-8130000000.0,,1.0,6.318653576437588,1.3,11080000000.0,10440000000.0,0.06130268199233724
SNSY5,turnaround_alto_risco,alto,lucro líquido TTM negativo; patrimônio líquido negativo; P/L negativo,1T2026 (TTM),1T2026,1T2026,1T2026,250000000.0,245000000.0,-1.2406000000000001,0.61,-0.0362,-0.3268,-0.05,-0.01,0.02,-0.55,0.1318,-0.0702,566240000.0,5310000.0,68550000.0,181780000.0,525760000.0,2390000000.0,566240000.0,-2350000000.0,-34320000.0,181300000.0,-310230000.0,949270000.0,-276290000.0,,1.0,-0.10425531914893617,0.61,214920000.0,241560000.0,-0.11028315946348732
TASA3,turnaround_alto_risco,alto,lucro líquido TTM negativo,4T2025 (TTM),1T2026,1T2026,1T2026,907000000.0,571000000.0,1.0733,1.58,0.0356,0.0121,40.12,0.57,0.48,0.01,0.014199999999999999,0.0244,2470000000.0,41880000.0,239470000.0,619770000.0,916870000.0,369950000.0,2470000000.0,1190000000.0,21260000.0,489420000.0,-37570000.0,1468850000.0,-19440000.0,,1.0,0.47983193277310926,1.58,354920000.0,349090000.0,0.01670056432438627
TASA4,turnaround_alto_risco,alto,lucro líquido TTM negativo,4T2025 (TTM),1T2026,1T2026,1T2026,907000000.0,571000000.0,1.0733,1.58,0.0356,0.0121,38.46,0.54,0.46,0.01,0.014199999999999999,0.0244,2470000000.0,41880000.0,239470000.0,619770000.0,916870000.0,369950000.0,2470000000.0,1190000000.0,21260000.0,489420000.0,-37570000.0,1468850000.0,-19440000.0,,1.0,0.47983193277310926,1.58,354920000.0,349090000.0,0.01670056432438627
TCSA3,turnaround_alto_risco,alto,lucro líquido TTM negativo; ROE negativo; P/L negativo,1T2026 (TTM),1T2026,1T2026,1T2026,554000000.0,508000000.0,2.75,1.78,-0.17420000000000002,-0.5787,-0.75,0.33,0.43,-0.11,-0.4272,-0.0365,989580000.0,40770000.0,504390000.0,50170000.0,164140000.0,561550000.0,989580000.0,263890000.0,-33930000.0,-27250000.0,-112720000.0,194800000.0,-73610000.0,,1.0,1.9250445261283111,1.78,27150000.0,46890000.0,-0.4209852847088932
TEND3,turnaround_alto_risco,alto,endividamento geral acima de 300%,1T2026 (TTM),1T2026,1T2026,1T2026,1415000000.0,324000000.0,4.2241,2.0,0.1356,0.1291,5.93,2.64,0.8,0.08,0.42710000000000004,0.1085,7100000000.0,88930000.0,978280000.0,437200000.0,2069999999.9999998,3670000000.0,7100000000.0,1360000000.0,609080000.0,1383760000.0,580130000.0,4491480000.0,19860000.0,,1.0,0.23823529411764705,2.0,1180000000.0,865240000.0,0.3637834589246913
TOKY3,turnaround_alto_risco,alto,lucro líquido TTM negativo; ROE negativo; P/L negativo; endividamento geral acima de 300%,4T2025 (TTM),4T2025,4T2025,4T2025,507000000.0,476000000.0,7.257000000000001,0.88,0.0043,-0.10160000000000001,-0.39,0.08,0.03,-0.08,-0.6612,0.0039000000000000003,1830000000.0,30720000.0,481520000.0,25840000.0,662130000.0,950010000.0,1830000000.0,222150000.0,6159930.0,758710550.0,-146887910.0,1441051480.0,-163697710.0,,1.0,2.142696376322305,0.88,1440000000.0,810760000.0,0.7761113029749864
TPIS3,turnaround_alto_risco,alto,lucro líquido TTM negativo; ROE negativo; P/L negativo; endividamento geral acima de 300%,1T2026 (TTM),1T2026,1T2026,1T2026,1244000000.0,1182000000.0,3.5782,0.22,-0.529,-0.44630000000000003,-1.1,0.85,0.47,-0.19,-0.8572,-0.2373,2150000000.0,62150000.0,560340000.0,684010000.0,948770000.0,735370000.0,2150000000.0,470660000.0,-478310000.0,239560000.0,-403470000.0,904090000.0,19069999.999999985,,1.0,2.511367016529979,0.22,124910000.0,194510000.0,-0.35782221993727825
TRAD3,turnaround_alto_risco,alto,lucro líquido TTM negativo; ROE negativo; P/L negativo,4T2025 (TTM),1T2026,1T2026,1T2026,0.0,-10000000.0,0.08220000000000001,8.24,-4.232200000000001,-3.8498,-1.02,0.78,3.92,-0.6,-0.6476000000000001,-0.7025,114140000.0,5770000.0,859000.0,974000.0,5480000.0,5640000.0,114140000.0,103020000.0,-94250000.0,6524000.0,-85668000.0,25560000.0,7868000.0,,1.0,-0.09706853038245002,8.24,6980000.0,8930000.0,-0.21836506159014557
TUPY3,turnaround_alto_risco,alto,lucro líquido TTM negativo; ROE negativo; P/L negativo,4T2025 (TTM),1T2026,1T2026,1T2026,4094000000.0,2241000000.0,2.7367000000000004,2.4,-0.0161,-0.0675,-2.73,0.71,0.18,-0.07,-0.2604,-0.0244,9230000000.0,1820000000.0,3770000000.0,125250000.0,2620000000.0,4280000000.0000005,9230000000.0,2330000000.0,-309720000.0,1076090000.0,-736550000.0,9520000000.0,-243980000.0,,1.0,0.9618025751072962,2.4,2310000000.0,2480000000.0,-0.06854838709677424
UCAS3,turnaround_alto_risco,alto,lucro líquido TTM negativo; ROE negativo; P/L negativo,4T2025 (TTM),1T2026,1T2026,1T2026,156000000.0,100000000.0,1.3006,1.46,-0.044800000000000006,-0.0483,-8.53,0.55,0.41,-0.03,-0.064,-0.0305,410780000.0,27130000.0,134890000.0,17400000.0,96120000.0,141610000.0,410780000.0,173040000.0,-13310000.0,72520000.0,-13237000.0,236860000.0,-679000.0,,1.0,0.5779010633379565,1.46,40950000.0,43040000.0,-0.048559479553903384
USIM3,turnaround_alto_risco,alto,lucro líquido TTM negativo; ROE negativo; P/L negativo,1T2026 (TTM),1T2026,1T2026,1T2026,6196000000.0,-495000000.0,0.48479999999999995,4.54,-0.0565,-0.09300000000000001,-4.1,0.52,0.42,-0.07,-0.10039999999999999,-0.055400000000000005,34750000000.0,4710000000.0,6070000000.0,129440000.0,3590000000.0,7760000000.0,34750000000.0,23410000000.0,-1428629999.9999998,2119690000.0,-2347550000.0,25280000000.0,-27120000.0,,1.0,-0.021144809910294746,4.54,5870000000.0,6860000000.0,-0.1443148688046647
USIM5,turnaround_alto_risco,alto,lucro líquido TTM negativo; ROE negativo; P/L negativo,1T2026 (TTM),1T2026,1T2026,1T2026,6196000000.0,-495000000.0,0.48479999999999995,4.54,-0.0565,-0.09300000000000001,-4.34,0.55,0.45,-0.07,-0.10039999999999999,-0.055400000000000005,34750000000.0,4710000000.0,6070000000.0,129440000.0,3590000000.0,7760000000.0,34750000000.0,23410000000.0,-1428629999.9999998,2119690000.0,-2347550000.0,25280000000.0,-27120000.0,,1.0,-0.021144809910294746,4.54,5870000000.0,6860000000.0,-0.1443148688046647
USIM6,turnaround_alto_risco,alto,lucro líquido TTM negativo; ROE negativo; P/L negativo,1T2026 (TTM),1T2026,1T2026,1T2026,6196000000.0,-495000000.0,0.48479999999999995,4.54,-0.0565,-0.09300000000000001,-3.84,0.49,0.4,-0.07,-0.10039999999999999,-0.055400000000000005,34750000000.0,4710000000.0,6070000000.0,129440000.0,3590000000.0,7760000000.0,34750000000.0,23410000000.0,-1428629999.9999998,2119690000.0,-2347550000.0,25280000000.0,-27120000.0,,1.0,-0.021144809910294746,4.54,5870000000.0,6860000000.0,-0.1443148688046647
VAMO3,turnaround_alto_risco,alto,endividamento geral acima de 300%,1T2026 (TTM),1T2026,1T2026,1T2026,16640000000.0,11846000000.0,7.823200000000001,1.77,0.4343,0.0509,13.27,1.57,0.68,0.01,0.11810000000000001,0.1492,22980000000.0,174840000.0,14850000000.0,1790000000.0,3720000000.0,16649999999.999998,22980000000.0,2600000000.0,2624790000.0,3052380000.0,307520000.0,6040000000.0,-2226760000.0,,1.0,4.556153846153846,1.77,1620000000.0,1330000000.0,0.21804511278195493
VIVR3,turnaround_alto_risco,alto,lucro líquido TTM negativo; patrimônio líquido negativo; P/L negativo,4T2025 (TTM),4T2025,4T2025,4T2025,22000000.0,14000000.0,-6.2015,0.9,-0.3241,-0.6098,-1.07,-0.4,0.63,-0.08,0.43320000000000003,-0.047,210710000.0,7700000.0,18310000.0,4019999.9999999995,93610000.0,157610000.0,210710000.0,-40510000.0,-9320000.0,6767000.0,-17545000.0,28780000.0,-7173000.0,,1.0,-0.3455936805726981,0.9,5890000.0,14790000.0,-0.6017579445571333
VVEO3,turnaround_alto_risco,alto,endividamento geral acima de 300%,4T2025 (TTM),1T2026,1T2026,1T2026,3440000000.0,2781000000.0,3.6378,1.33,0.046,0.0016,21.95,0.21,0.03,0.0,0.0094,0.08310000000000001,8960000000.0,471120000.0,2440000000.0,972510000.0,3500000000.0,3580000000.0,8960000000.0,1880000000.0,571030000.0,1731620000.0,20160000.0,11610000000.0,-557470000.0,,1.0,1.4792553191489362,1.33,2830000000.0,2780000000.0,0.017985611510791477
WDCN3,turnaround_alto_risco,alto,lucro líquido TTM negativo; ROE negativo; P/L negativo,4T2025 (TTM),1T2026,1T2026,1T2026,0.0,-172000000.0,1.5474,1.68,-0.1569,-0.21960000000000002,-0.78,0.32,0.17,-0.16,-0.4105,-0.1428,1260000000.0,270980000.0,0.0,0.0,379370000.0,411610000.0,1260000000.0,471650000.0,-144240000.0,218970000.0,-192730000.0,849560000.0,-74080000.0,,1.0,-0.36467719707410157,1.68,191500000.0,213560000.0,-0.10329649747143654
WEST3,turnaround_alto_risco,alto,lucro líquido TTM negativo; ROE negativo; P/L negativo,4T2025 (TTM),1T2026,4T2025,4T2025,10000000.0,-111000000.0,0.3935,2.72,-0.1999,-0.06570000000000001,-8.79,0.4,0.58,-0.03,-0.045,-0.2093,294040000.0,109630000.0,6490000.0,4170000.0,67890000.0,18810000.0,307040000.0,220340000.0,-30170000.0,59660000.0,-9919000.0,150970000.0,19850000.0,,1.0442116718813768,-0.5037669056912045,2.72,45940000.0,44250000.0,0.038192090395480216
WHRL3,turnaround_alto_risco,alto,endividamento geral acima de 300%,4T2025 (TTM),1T2026,1T2026,1T2026,2201000000.0,-432000000.0,4.6717,0.92,0.0928,0.0359,13.4,3.29,0.48,0.04,0.2458,0.32880000000000004,9840000000.0,1960000000.0,1680000.0,2069999999.9999998,6990000000.0,926360000.0,9840000000.0,1920000000.0,1063170000.0,2319860000.0,331190000.0,12360000000.0,-557880000.0,,1.0,-0.225,0.92,2770000000.0,2970000000.0,-0.06734006734006737
WHRL4,turnaround_alto_risco,alto,endividamento geral acima de 300%,4T2025 (TTM),1T2026,1T2026,1T2026,2201000000.0,-432000000.0,4.6717,0.92,0.0928,0.0359,14.61,3.58,0.52,0.04,0.2458,0.32880000000000004,9840000000.0,1960000000.0,1680000.0,2069999999.9999998,6990000000.0,926360000.0,9840000000.0,1920000000.0,1063170000.0,2319860000.0,331190000.0,12360000000.0,-557880000.0,,1.0,-0.225,0.92,2770000000.0,2970000000.0,-0.06734006734006737
